"uuid","openboxes","name_es","concept","packaging"
"beda1537-bad0-42bc-932b-3e0924430f2a",,"CES: Acenocumarol 4mg - 20 tabletas **especial**","CIEL:70105",
"f43c2a49-cc3b-40e8-a1f9-cc8884e42fc9",,"CES: Aciclovir 400mg - 35 tabletas","CIEL:70245",
"035b7917-8bf1-4a74-a8e2-a59c53379101",,"CES: Acido acetilsalicilico 100mg - 30 tabletas","PIH:88",
"33b1a87f-90c1-4948-8d18-7554a2bf93b5",,"CES: Acido acetilsalicilico 300mg - 20 tabletas eff","PIH:88",
"f44edc7e-b014-494c-b888-7fea887becbb",,"CES: Acido acetilsalicilico 500mg - tabletas","PIH:88",
"1c822ad4-c8dc-476a-b1d3-e35274bede42",,"CES: Acido alendronico 70mg - 4 tabletas **especial**","CIEL:70496",
"bfd96a61-3f1f-408a-829e-ba0efa015ed6",,"CES: Acido de fluocinolona crema 0.01g/100g - 30g","CIEL:73636",
"ae45d4c8-8880-4af4-af16-ece3616dae4f",,"CES: Acido folico 0.4mcg - 90 tabletas","CIEL:76613",
"149d6d20-5042-45c7-bda8-277d6324ddc2",,"CES: Acido folico 5mg - 20 tabletas","CIEL:76613",
"c9674108-4ee4-43fc-a39a-186191aa9be8",,"CES: Acido micofenolico 500 mg - tabletas **especial**","CIEL:80236",
"ed9c41c8-93e9-42b4-bf6d-1e3e79293120",,"CES: Acido retinoico 0.05g - 30g","CIEL:85330",
"21904c56-55f2-4055-862a-58669bef510a",,"CES: Albendazol 200mg - 6 tabletas","PIH:941",
"ad74e603-7fe1-47ee-8fba-7497b6a7592c",,"CES: Albendazol suspencion 20mg/ml - 20 ml","PIH:941",
"42fbd4f6-2878-4aa1-b611-ea1c7d47da88",,"CES: Alcaftadina oftalmica **especial**","PIH:12252",
"bc76143c-f80e-4167-b120-d68aa38dc38b",,"CES: Alcohol polivinilico oftalmico - 10ml","CIEL:82315",
"5b429d13-1296-40e6-a309-09387935eb0d",,"CES: Algestona/estradiol inyectable 150mg/10mg/ml - 1ml","CIEL:165467",
"6bf41dd1-db94-483a-a69d-5113d914fbf8",,"CES: Alopurinol 300mg - 30 tabletas","CIEL:70878",
"b623e6cc-8b06-4dc0-a85b-b046af1df9b6",,"CES: Aluminio, magnesio y dimeticona - 50 tabletas","CIEL:70995",
"4f3643c9-d5f9-4508-ae74-5fb8f2c97b06",,"CES: Aluminio, magnesio y dimeticona - suspencion 320 ml","CIEL:70995",
"333dfe1c-ec5d-40d7-ba20-b21170b498d9",,"CES: Amiodarona 200mg - 20 tabletas **especial**","CIEL:71118",
"95cbd3ac-ee74-41f4-b9f0-6c89b2188d72",,"CES: Amitriptilina","CIEL:931",
"69c9cbb3-824b-4ac1-a889-959c0463dc2e",,"CES: Amlodipino 5mg - 10 tabletas","CIEL:71138",
"3b3b9c51-7b15-47ef-92ba-9a179c591198",,"CES: Amoxicilina / acido clavulánico - 400mg/57mg/5ml","PIH:450",
"2b191dc8-f91e-4e5c-9659-7d0ffa22ec20",,"CES: Amoxicilina 500 mg - 12 tabletas","PIH:265",
"864d84f3-1136-4957-89b8-b396dfc4592e",,"CES: Amoxicilina suspension 500mg/5ml - 75ml","PIH:265",
"a035ab5b-f2dd-4058-9933-ac1f107e6094",,"CES: Amoxicilina/acido clavulanico 875mg/125mg - 10 tabletas","PIH:450",
"eb103d6f-b4aa-44d0-87f7-d2fbe06cbbf4",,"CES: Ampicilina inyectable 1g - 1 ampolla","PIH:269",
"06548aaf-c207-417b-9dd7-8f07402ded96",,"CES: Ampicilina inyectable 500mg - 1 ampolla","PIH:269",
"5b7aa733-c214-437d-82ec-afb1c64a3fec",,"CES: Atenolol / clortalidona - tableta - 50 mg / 12.5 mg","PIH:3186",
"ac73c5cd-c92a-4f91-a1b9-ef9230c48ec3",,"CES: Atenolol 100mg - 28 tabletas **especial**","PIH:3186",
"4f4f19e3-83fa-4ff5-8891-9fb15c738bba",,"CES: Atorvastatina 40 mg","CIEL:71665",
"e323ea03-4d14-48de-b706-6569dec1a864",,"CES: Atropina inyectable 1 mg/ml - 1 ampolla **especial**","CIEL:71681",
"22bd5687-c380-40f2-9cd8-d48c71a536a3",,"CES: Atropina oftalmica **especial**","CIEL:71681",
"aa63628e-003c-46ef-85b4-a8203bf0d74e",,"CES: Azatioprina 50mg **especial**","CIEL:71767",
"c51b7cdb-8384-4016-bf33-dd7b471495e4",,"CES: Azitromicina 200mg/5ml - suspencion 30 ml","PIH:735",
"a1ed2bbb-125f-425c-8430-73db798924eb",,"CES: Azitromicina 500 mg - 3 tabletas","PIH:735",
"857000a4-9980-41cd-a3aa-59d0e90c8a70",,"CES: Beclometasona 250mcg/100g - aerosol","CIEL:71917",
"ed2fe27c-a2e7-4e46-b9dd-93a4f95fd997",,"CES: Bencilpenicilina benzatilica benzatinica compuesta inyectable - 1200000ui","PIH:4034",
"40127aa5-07a0-4701-9aa5-65f612f00148",,"CES: Bencilpenicilina procainica y cristalina inyectable 400 000 ui - 2ml","PIH:4034",
"cbabecca-1185-4fe2-8995-d40d24a41099",,"CES: Benzoato de bencilo solucion corporal","PIH:409",
"7f747fd2-95e9-479a-bfd3-9cd471a3c582",,"CES: Benzonatato 100mg - 20 capsulas","CIEL:72053",
"090c129a-cc3e-4767-b0f5-f11035c5d33a",,"CES: Betametasona 0.1% - crema","CIEL:72120",
"554b2255-f919-4f94-9091-36cd91816dce",,"CES: Betametasona inyectable 4mg/ml - 2ml","CIEL:72120",
"2868b9ba-4653-4435-9c44-d94223ceaff0",,"CES: Bicalutamida 50 mg **especial**","CIEL:72164",
"46436c20-3fe8-4a08-b1bf-d6f37d10be62",,"CES: Biperideno 1 mg 6 30 tabletas","CIEL:72217",
"2e8babd3-cb7e-495e-8b94-652b423a64a3",,"CES: Biperideno 2 mg - 30 tabletas","CIEL:72217",
"3eb80f6f-f7aa-4cdc-a3be-e5bbfdd1bd81",,"CES: Bismuto (subsalicilato) 262mg - 24 tabletas","CIEL:72241",
"c36c8678-cee8-47e5-9917-8ed1fe3b4df5",,"CES: Bismuto (subsalicilato) suspencion - 120ml","CIEL:72241",
"27345b11-cb97-4ca2-b67e-19491b69dd4b",,"CES: Bisoprolol 2.5mg - tabletas **especial**","CIEL:72247",
"22e3ccdc-f08c-40a2-a315-b8d74b7ddff1",,"CES: Bloqueador solar","CIEL:165466",
"5db05e6b-1c82-4ef5-ab0f-20d26d5124d6",,"CES: Bromocriptina - tableta - 2.5mg **especial**","CIEL:72411",
"d97e9289-551d-4aaf-b5b1-99bfe49531aa",,"CES: Buproenorfina inyectable 0,3mg/ml","CIEL:72510",
"034aa4c2-4593-4f81-87a5-cf4aca08afe8",,"CES: Butilhiocina 20mg/ml - 3 ampollas de 1ml","CIEL:431",
"89c8b180-6ff8-4d02-be0e-8c2be221f20c",,"CES: Butilhioscina 10mg - 10 tabletas","CIEL:431",
"ed459f10-0ea7-4330-a7da-b38994798cc6",,"CES: Cabergolina 0.5 mg - 2 tabletas **especial**","CIEL:72595",
"ac579ba8-03bb-41a0-8c44-0dbdd5f0b04f",,"CES: Calcio y vitamina a y d2 - 60 tabletas","PIH:4063",
"9a75055f-d761-49a3-a631-b35ab3bf7991",,"CES: Carbamazepina 200mg - 20 tabletas","PIH:920",
"91e68dc4-1db8-4190-b54b-60c15f44827f",,"CES: Carbamazepina suspension 2g/100 ml - 100 o 120ml","PIH:920",
"8fde6ca2-e363-41de-8c80-458c91613a00",,"CES: Carbetocina inyectable 100 mcg - 1 ampolla","PIH:12253",
"ca4a245e-bec5-4507-ae4e-2dc0fb73131a",,"CES: Carbidopa/levodopa 50/250mg - 100 capsulas **especial**","PIH:4049",
"5dec3b07-58a4-46ed-9904-efb146479e69",,"CES: Carvedilol 25mg - 14 tabletas **especial**","PIH:3185",
"7cff32ad-964f-40c7-8b34-c998d44b489b",,"CES: Cefalexina 500mg - 12 tabletas","CIEL:73087",
"d8bd062e-543e-409b-8826-35dcd096a5bb",,"CES: Ceftriaxona - solución inyectable - 500 mg","CIEL:73087",
"e1b624b4-d15a-4a5a-818a-2f65e6e5e6c4",,"CES: Ceftriaxona solucion inyectable 1g - 1 ampolla","PIH:496",
"d776a8a0-3b97-469b-9966-ac2fc6c9ffbf",,"CES: Celecoxib 200mg **especial**","CIEL:73048",
"60406d46-393b-4d1c-9ef5-62d8b24a0113",,"CES: Ciclosporina emulsion **especial**","CIEL:74125",
"4a33b104-868b-4181-a06f-0c543e47af5f",,"CES: Ciprofloxacina crema **especial**","PIH:740",
"2aa8b6af-df9c-4f3e-887c-dc2d076131ed",,"CES: Ciprofloxacina solucion otica - 10ml","PIH:740",
"ece1622d-2d09-489e-8d00-80d3b80339a3",,"CES: Ciprofloxacina/hidro/lid solucion otica - 10ml","PIH:740",
"296a838c-d16b-4533-9320-94130fc969df",,"CES: Ciprofloxacino 500mg - 14 tabletas","PIH:740",
"19f759aa-cbdb-4a21-8f3e-1c27d6dc7e61",,"CES: Ciprofloxacino solucion oftalmica - 5ml","PIH:740",
"82681d39-fadb-4ca0-9f44-557fd3568f66",,"CES: Ciprofloxacino/dexametasona solucion oftalmica","CIEL:104425",
"df52f13d-0c2f-46b5-a393-5675dc66c379",,"CES: Citrato de potacio + citrato acido [uroclasio] - 150ml **especial**","PIH:12254",
"5d62c62b-dc56-45aa-a49a-39b4ab346ec3",,"CES: Claritromicina 500mg - 10 tabletas","PIH:2459",
"c4daa04e-71ad-4644-a661-24ee49c486de",,"CES: Clindamicina - gel - 1%","CIEL:73546",
"83d38145-9d9a-44d5-9bc0-67dfbaf0d904",,"CES: Clindamicina 300mg - 16 capsulas","CIEL:73546",
"c89af099-66aa-4558-bcc2-2d2051648020",,"CES: Clonazepam 2mg - 30 tabletas","CIEL:73596",
"46413ea5-f5a1-4205-bc28-6d2a1a50eabd",,"CES: Clopidogrel - tableta - 75 mg","CIEL:73602",
"c5d3e7ea-02e5-4547-84c6-225dcf142d4d",,"CES: Cloranfenicol oftalmica 5mg/ml - 5ml","PIH:266",
"48c8986f-68c1-4a70-ace4-3a773dd2af0b",,"CES: Clorfenamina - tableta - 4 mg","CIEL:913",
"75460ad6-a538-4504-bdf9-5cf172e4dd1a",,"CES: Clorfenamina jarabe 0.5mg/ml - 120ml","CIEL:913",
"ab696eb1-efa8-41cc-b0a3-70ee03d69b94",,"CES: Clortalidona 50mg - 20 tabletas","CIEL:73338",
"9149af62-fa46-47e9-b757-c6f65d98c068",,"CES: Cloruro de sodio inyectable 1,7g/10ml","PIH:7899",
"0172ff47-c96b-4c28-8b68-ada10c5064fa",,"CES: Clotrimazol - 12 ovulos","PIH:960",
"48d22768-f78f-4198-9724-a86a3c0d9ef7",,"CES: Colchicina 1mg - 30 tabletas","CIEL:73702",
"9b4489ba-819b-4a19-a5df-7c8fecc5dc83",,"CES: Complejo b (sin hierro)","CIEL:78230",
"a56f1d69-199c-4e14-bdb7-052a97da46fc",,"CES: Cromoglicato - solución oftálmica - 20 mg/ml","CIEL:74044",
"ec74b1ba-8e47-4ffe-9230-5f123b1d9c48",,"CES: Danazol 100mg - capsulas **especial**","CIEL:74233",
"b4f340b3-6230-4399-b49d-2ad689619624",,"CES: Desogestrel y etinilestradiol 0.15mg/0.03mg - 21 tabletas","CIEL:104421",
"cd8e33a2-63f8-4bc9-9813-b8c5218d44d8",,"CES: Despensa nutrihuate **especial**","CIEL:165465",
"c68f9805-5c86-44ac-94d9-7b7ef77e4e19",,"CES: Despensa para embarazada","PIH:4063",
"ec8f41b7-3db4-472f-a291-02eacf48ca1b",,"CES: Dexametasona 0,5mg - 20 tabletas","CIEL:104425",
"962ca1b8-bc3d-4ddf-8a5c-df2641f041a2",,"CES: Dexametasona inyectable 4mg/ml - 2ml","CIEL:104425",
"aad7d3d1-69eb-44fb-966a-10c9c3ae9c9b",,"CES: Dexametasona/tobramicina oftalmica 3mg/ml","CIEL:104425",
"2f657b3b-090a-4948-b3d8-c1b545256ebc",,"CES: Diazepam - tableta","PIH:247",
"59767573-f056-4d9a-ba37-069f7e0c2bd0",,"CES: Diazepam inyectable 10mg 1 ampolla","PIH:247",
"a98424c3-4fe8-4079-ad40-34d7e12692fd",,"CES: Diclofenaco 100mg - 20 tabletas","CIEL:74782",
"9b1e46b7-fb29-49f5-8a38-2ef3d1889230",,"CES: Diclofenaco gel 1.16% - 60g","CIEL:74782",
"9fb88cb6-431a-431c-953a-a0cec2fe3329",,"CES: Diclofenaco solucion inyectable 75mg - 1 ampolla","CIEL:74782",
"54552242-459f-4dbc-8c23-67858b58b8d1",,"CES: Dicloxacilina 500mg tabletas","PIH:922",
"f78897c7-33f6-4d99-aa32-59c9ca2d5758",,"CES: Dicloxacilina suspencion 50mg/ml 60ml","PIH:922",
"f56e0497-5a60-4b28-8bdd-cf30ef6606d2",,"CES: Difenhidramina - jarabe - 250 mg / 100 ml","CIEL:75015",
"f6d1fdf9-5a47-483b-8702-5ca9186c3540",,"CES: Difenhidramina - solución inyectable - 50 mg/ ml","CIEL:75015",
"de51aef9-2c03-4d3a-9276-8b94c154f83b",,"CES: Difenhidramina 25mg - 30 capsulas","CIEL:75015",
"f97a3f87-5a4f-4334-80aa-6fa61cedb225",,"CES: Digoxina 0.25mg - 20 tabletas **especial**","PIH:3488",
"86dd0423-28a5-4752-996f-f3921b59cc18",,"CES: Diu de cobre","PIH:12255",
"f80bf96f-6291-4227-949a-f8b2cc3c773a",,"CES: Diu de hormona (mirena)","CIEL:165464",
"9adf8359-64ad-4c83-b9ad-16606aaad1cc",,"CES: Dorzolamida/timolol oftalmica 20mg/5ml","CIEL:104546",
"d5255868-afd5-4cc6-8be1-74c8927431e1",,"CES: Doxiciclina 100mg - 10 capsulas","PIH:95",
"98b8dbc8-1e40-4545-934f-4aa772b090db",,"CES: Electrolitos orales - 1 sobre","PIH:351",
"3f87fc51-80f0-4a46-a1f2-6128885a4e8f",,"CES: Enalapril 10mg 30 tabletas","CIEL:75634",
"9c03f48b-445b-4633-9747-9fd1343a766e",,"CES: Eritromicina suspencion 250mg/5ml 100ml","PIH:272",
"123ee45a-822f-4fdd-9f15-3b9bbfb745dd",,"CES: Espironolactona 25mg - 30 tabletas","PIH:4061",
"094c1dbb-4902-476a-9cec-bfaff966dc52",,"CES: Estrogenos conjugados 0.625mg - 21 tabletas **especial**","CIEL:75928",
"d1e93729-8240-4d40-b96e-165809309f9c",,"CES: Estrogenos conjugados crema **especial**","CIEL:75928",
"e2b2fe58-bcd9-4760-9820-10d2a230a7e9",,"CES: Fenazopiridina 100mg 20 tabletas","CIEL:81909",
"9e2494e3-f5d9-409b-a2bc-a2249973a9a2",,"CES: Fenitoina 100mg 50 tabletas","CIEL:82024",
"04a48ae6-f558-48e3-b879-75470ffbcfcc",,"CES: Fenitoina suspencion 0.750g/100ml 150 ml","CIEL:82024",
"ca3938d7-d8b5-4291-aa57-ed934b6323d4",,"CES: Fenobarbital 100mg 40 tabletas **especial**","PIH:238",
"53260564-52b5-4d8a-a811-f94f025d9ccb",,"CES: Fentanil inyectable - 1 ampolla **especial**","CIEL:76272",
"8787c42e-451e-4ef3-b62e-a70dac09eef1",,"CES: Finasterida 5mg 30 tabletas","CIEL:76376",
"e1bddee9-3468-43a2-893a-ec1f5f5c0039",,"CES: Fitomenadiona inyectable 2mg/0,2ml","CIEL:86353",
"74831778-bd7b-4789-835f-8b7020181ac8",,"CES: Fluconazol 150mg - 1 capsula","PIH:747",
"ce0201cc-3a12-4070-ae3b-77e90fe671c2",,"CES: Fluoxetina 20mg - 28 tabletas","CIEL:76553",
"b1082006-886e-4639-b30a-cb7e6d5e45b4",,"CES: Fluticasona 50mcg - 120 dosis","CIEL:76586",
"44a5878e-919c-4db8-8780-a7781a5fd570",,"CES: Fluticasona/salmeterol 250mg/50mg","CIEL:104676",
"a8bac4a8-b099-49cc-a878-6039b72adb25",,"CES: Formula enfamil sin lactosa para 6-12 meses **especial**","CIEL:5254",
"492e0645-33e8-4811-9ea2-a8381927b738",,"CES: Formula lactea etapa 3 **especial**","CIEL:5254",
"ba5031c8-c78d-4435-956f-ce9b3fc403cb",,"CES: Formula lactea para nino mayor de 6 meses **especial**","CIEL:5254",
"5ac8b6d5-277b-41c3-b202-a9e7be943483",,"CES: Formula lactea para nino menor de 6 meses **especial**","CIEL:5254",
"b809b984-9360-4b44-b08f-abfc8a243519",,"CES: Formula lactea para prematuro **especial**","CIEL:5254",
"b1ee68b1-8075-488c-b288-b3d38d0c77a0",,"CES: Formula magistral **especial** (precisar cual en comentario)","PIH:12210",
"afb07a22-bac6-4fb2-89f7-a061b70f5803",,"CES: Fumarato ferroso 200mg - 50 tabletas","CIEL:76335",
"f2f58372-41dc-4406-9ddb-9ceffaf4a70b",,"CES: Furosemida 40mg - 20 tabletas","PIH:99",
"819e91c3-5ecf-4381-8cf8-6ab195e853e4",,"CES: Gabapentina 300 mg - 15 capsulas","CIEL:76750",
"97ccc061-d3ba-46f8-9d6d-9e56ba1238aa",,"CES: Gabapentina 400 mg - 15 capsulas","CIEL:76750",
"ffe3852f-0bc1-451c-b830-61fdd0772493",,"CES: Gel de glucosa oral","PIH:351",
"9eb90d63-bd63-4d34-89fe-07da21536e33",,"CES: Gentamicina inyectable 80mg/ml - 2ml","PIH:100",
"21eb8282-b159-4e3f-9e98-e0adc5b3fd75",,"CES: Glibenclamida 5mg - 50 tabletas","PIH:4046",
"65db1527-cc36-4284-9981-cf9ed2dd79d6",,"CES: Glipizida 10mg - 20 tabletas","CIEL:77032",
"f8571070-a0d9-48b9-8aad-d6e172f096d0",,"CES: Gluconato de calcio inyectable 10% - 1 ampolla","PIH:4035",
"d6825e0f-dfd7-41dd-a324-c1a676fccc97",,"CES: Gynko biloba tabletas **especial**","CIEL:77009",
"05062c59-dace-4c15-8d7e-2aef0453b61d",,"CES: Haloperidol 5mg - 20 tabletas **especial**","PIH:4047",
"f6661447-7779-4133-a461-eeaeb3db5d3b",,"CES: Haloperidol decanoate inyectable 50mg/ml **especial**","PIH:4047",
"ad274496-57ff-4238-91cc-5931db17b5b5",,"CES: Haloperidol inyectable 5mg/ml","PIH:4047",
"387843b4-3536-4705-af76-34443e5dab6b",,"CES: Hidralazina inyectable 20mg/ml - 5 ampollas","CIEL:77675",
"06534d95-cad8-4ac7-98e3-05b31b7c123b",,"CES: Hidroclorotiazida 25mg - 20 tabletas","PIH:1243",
"cb63cfa3-78f0-42c9-8b1d-dd0bb31f1a52",,"CES: Hidrocortisona inyectable 50mg/ml - 2ml","CIEL:104859",
"e17dc789-61f5-40ef-8cf2-9d72917effc1",,"CES: Hidrocortisona/lidocaina (supositorios o pasta)","CIEL:777",
"5cadd78d-136d-4e7b-aedd-b33f43e3d89c",,"CES: Hidroxicarbamida 500mg capsulas [hydrea] **especial**","CIEL:77795",
"beaa9884-3cf5-47e3-a38f-2dde1d48023d",,"CES: Hidroxicloroquina 200mg tabletas **especial**","CIEL:77784",
"689d406c-da9d-494c-bdf6-9fee08f2794c",,"CES: Hidroxizina 10mg tabletas","CIEL:77796",
"b3cb6c34-e7ce-4b90-a40d-e5bb6d19edd1",,"CES: Ibuprofeno 800mg - 12 tabletas","PIH:912",
"38ea52ac-6446-46b8-b6a6-5d3af14529b8",,"CES: Ibuprofeno solucion pediatrica","PIH:912",
"b2311114-eed2-4c66-aea7-a3658e8c1dd0",,"CES: Implante anticonceptivo - 1 unidad","CIEL:1873",
"32fb5c5c-b438-4980-9e1e-bb3f6835eb89",,"CES: Insulina glargina - 1 pluma","CIEL:78064",
"3a43808c-c0a0-46df-bbfa-d5e266f3d156",,"CES: Insulina mixta - 1 pluma","CIEL:78064",
"d62b01af-501e-4039-9775-8a5883f42a9a",,"CES: Insulina nph - 1 pluma","CIEL:78064",
"96c8505f-181e-4fbd-8c26-322cc39a9ce5",,"CES: Insulina rapida (lispro o aspart) - 1 pluma","CIEL:78064",
"0c738efb-fe9a-4baf-9466-d36bac1504ad",,"CES: Insulna glargina - 1 recarga","CIEL:78064",
"1f0b75ea-5693-44ee-9360-a65c9653b20d",,"CES: Ipratropio aerosol 20mcg - 200 dosis","CIEL:78200",
"0e2ee1d6-ccc2-4f83-9e11-9d708c27cbaf",,"CES: Isosorbida (dinitrato) 10mg - 20 tabletas","PIH:3428",
"26d88b83-2d7d-4eeb-9ed7-359e2ad25348",,"CES: Isosorbida (dinitrato) 5mg - 20 tabletas","PIH:3428",
"7592cc63-9461-4595-ba40-3dcb0ca4e087",,"CES: Itraconazol 100mg 15 capsulas","CIEL:78338",
"575de31b-69dd-42c7-a774-3b6a1fc8b1f0",,"CES: Ivermectina 6mg 2 tabletas","CIEL:78342",
"07f71a04-0a5c-4443-a405-6aca49d5a559",,"CES: Ketoconazol 2% - 100g","PIH:926",
"bdf95969-cd6b-41bc-85c3-5b4cd1f57ea1",,"CES: Ketoconazol 2% - 30g","PIH:926",
"1cf0c7f7-0f59-47af-9a67-97eeebcac971",,"CES: Ketoconazol shampoo","PIH:926",
"686efa80-82e1-4a39-93a8-3a2c5788383a",,"CES: Ketorolaco 30mg - 6 tabletas sublingual","CIEL:78482",
"6800843c-4f49-41a8-b944-697b5049819d",,"CES: Ketorolaco inyectable 30mg/ml - 3 ampollas","CIEL:78482",
"af58f7fe-6fc6-4703-a588-fa2558abc1d0",,"CES: Kit para bebe (ropa)","CIEL:165474",
"6d369dac-8957-4a6c-b5da-a34d04280be9",,"CES: L-ornitina + l-aspartato 3g - granulados [hepa merz] **especial**","PIH:12256",
"e9e2c0d3-4a42-4191-82ee-0972d35aa5ed",,"CES: Lacosamida 100mg tabletas **especial**","CIEL:160268",
"d2e489d0-5663-4c52-ab94-007da347d29c",,"CES: Lactulosa 10g/15ml - 125ml","CIEL:78632",
"3ef2e56c-2900-40ed-a791-0ba5da7c06ca",,"CES: Lamotrigina 100mg - 28 tabletas","CIEL:78644",
"90fbdbd1-1e2e-46b3-84a9-f827bb83df47",,"CES: Latanoprost solucion 0.05mg/ml 2,5ml","CIEL:78677",
"8d24e503-e494-4a22-834a-55cee7a684e2",,"CES: Levetiracetam suspencion [keppra] **especial**","CIEL:78770",
"f85c352d-7660-4a95-96a7-c3eafa9e10dd",,"CES: Levetiracetam tabletas 500mg **especial**","CIEL:78770",
"ec18f4c7-db29-4ada-aa0a-52c1dd71d027",,"CES: Levofloxacino 500mg - 7 tabletas","CIEL:78788",
"9ebb0696-073c-47d6-835d-fc3b2a19b02a",,"CES: Levonorgestrel 1.5mg - 1 tableta","PIH:1718",
"6b14acd5-2b9a-416a-836e-c60f80b1b36a",,"CES: Levotiroxina tabletas 100mcg - 100 tabletas **especial**","CIEL:78809",
"4f8ef8c8-380d-4629-9df0-ff805fd69275",,"CES: Levotiroxina tabletas 125mcg - 100 tabletas **especial**","CIEL:78809",
"829f3c09-9aaf-49f1-87d2-e419b6ab0871",,"CES: Loperamida - tableta - 2 mg","PIH:429",
"85579775-c770-4a13-88be-288b5b286d52",,"CES: Loratadina 10mg - 10 tabletas","CIEL:79053",
"0c029dba-062b-4808-9746-8e9a75f61d8f",,"CES: Loratadina sol. pediátrica","CIEL:79053",
"0bcae100-95d4-4a23-8c54-6ea1e232a830",,"CES: Lorazepam 1mg - 40 tabletas","CIEL:79054",
"9c0ac354-f340-49b0-818c-a39aae8970db",,"CES: Losartan 100mg - 15 tabletas","CIEL:79074",
"6fa4c746-4c66-47ee-8602-9ac36f81d516",,"CES: Meclizina/piridoxina 25mg/50mg - 12 tabletas","CIEL:165470",
"ff782ef6-6d2a-4af9-be55-291576fa1548",,"CES: Medroxyprogesterona inyectable 150mg - 1 ampolla","CIEL:82624",
"cca32aad-e77f-4b17-b242-aa5fe10f4d9f",,"CES: Mesalazina 500mg tabletas **especial**","CIEL:79616",
"7d3d46c1-9815-4cda-a288-d3f6a3bbd5fc",,"CES: Mesalazina supositorios 250mg **especial**","CIEL:79616",
"cf2de2ff-e958-4d1b-925a-ab24d5f5e86a",,"CES: Mesalazina supositorios 500mg **especial**","CIEL:79616",
"4cb9effe-c20d-4769-bfd7-cb7557205426",,"CES: Metamizol 500mg tabletas","CIEL:73008",
"b22b4c4e-60ca-42f5-92b0-5a38912cd718",,"CES: Metamizol inyectable 1g - 3 ampollas","CIEL:73008",
"c3b2fb88-48f7-4bbd-ac21-9d52daf2eadd",,"CES: Metformina 850mg - 30 tabletas","CIEL:79652",
"e02c1a54-a090-4440-8477-3b77cb68bb44",,"CES: Metformina/glibenclamida 500mg/5mg - 60 tabletas","CIEL:159850",
"8397309b-3057-4dd7-8a9d-deda31710980",,"CES: Metildopa 250 mg - 30 tabletas **especial**","PIH:251",
"391ed4b5-3647-4567-a624-51dd36b81ceb",,"CES: Metilfenidato 10mg 30 tabletas","CIEL:79739",
"b471a2be-416a-4eda-92bc-86e25a9cdc71",,"CES: Metilprednisolona inyectable 500mg **especial**","CIEL:79743",
"9a585e90-da7b-4293-82f7-04bdfae1fa85",,"CES: Metoclopramida - tableta - 10 mg","CIEL:79757",
"da94df17-95fd-4693-b63e-c1d06df3adab",,"CES: Metoclopramida inyectable 10mg/2ml - 2ml","CIEL:79757",
"f6f5d102-5ef9-4ca4-8758-3b85412f8c08",,"CES: Metoclopramida suspencion 400mg - 20 ml","CIEL:79757",
"e1803964-b584-45df-ac40-4a491dbaacdd",,"CES: Metoprolol 100 mg - 50 tabletas","CIEL:79767",
"62c58b73-3be5-43ec-9b14-bf7b20d83068",,"CES: Metotrexato 2.5mg - 50 tabletas **especial**","CIEL:79700",
"940299b2-81fc-4025-b399-168e85c25bc1",,"CES: Metronidazol 500mg - 30 tabletas","PIH:237",
"fbd84189-6b59-41d1-a3bd-f272dc4c6901",,"CES: Metronidazol adulto suspension 5.0g - 120ml","PIH:237",
"0f7272a2-fce5-4a93-a1e9-5e540adcd511",,"CES: Metronidazol crema","PIH:237",
"63b0dbb9-957e-4c5b-aaaf-47ea163e7eb5",,"CES: Metronidazol pediatrico suspension 2.5g - 120ml","PIH:237",
"2199a10e-5f56-44a4-87cb-38159f268dda",,"CES: Misoprostol 200 mcg - 28 tabletas","CIEL:79984",
"2c3c5443-404b-4024-8fc3-962e366ed467",,"CES: Mometasona intranasal","CIEL:80049",
"f265f328-9fd7-43cc-9d1a-8cb884f6fe93",,"CES: Montelukast 10mg - 20 tabletas","CIEL:80092",
"eb5c3590-1564-4fd4-9b16-5a856764baaa",,"CES: Montelukast 4mg - tabletas masticables","CIEL:80092",
"170bd00c-db7d-49e1-a9a2-c450322b9a2f",,"CES: Morfina 30mg - 100 pastillas **especial**","CIEL:80106",
"9b003aa3-6f62-4efa-8f36-5786df1de084",,"CES: Mupirocina crema 2%","CIEL:80194",
"3b83b41e-ec02-49b5-95d8-8049a74bbd4e",,"CES: Naltrexone 50mg - 30 tabletas","CIEL:80375",
"61a53ff7-0628-4b81-974e-a61955d51a4c",,"CES: Nebivolol 5mg tabletas **especial**","CIEL:80470",
"6cc4b6f7-48b1-4bc8-9a48-fdac52a4ece6",,"CES: Neomicina/lidocaína otica - 20 ml","CIEL:80514",
"271f1daa-1c1f-43f7-bd4b-f07c13977489",,"CES: Nifedipino 10 mg tabletas","PIH:250",
"38dd6dd9-3b92-4e16-98cf-1bf14415f28e",,"CES: Nifedipino lp 30mg - 30 tabletas","PIH:250",
"11c18bfe-1e7c-48ec-b0bc-c2cf47b43a2c",,"CES: Nimesulida jarabe **especial**","CIEL:80665",
"39bcbff4-0a05-40bd-a93e-beceb687a0f2",,"CES: Nimesulida tabletas","CIEL:80665",
"97474334-3329-4c81-af60-3a0fb2b4477c",,"CES: Nistatina 100 000 iu - 12 ovulos","PIH:919",
"78f6b1c5-95c8-4e58-814a-fc5675ee240f",,"CES: Nistatina suspension 100 000ui/ml - 24 ml","PIH:919",
"a8f74a64-7880-44ae-a33c-f3e9a145e8f2",,"CES: Nitazoxanida 500mg - 2 tabletas","CIEL:80675",
"b6c828d7-3732-4b68-a550-1d1bb81dc981",,"CES: Nitazoxanida suspencion 100mg/5ml - 30ml","CIEL:80675",
"cbee9c5d-d530-4a8c-8870-7e95bf05079f",,"CES: Nitazoxanida suspencion 100mg/5ml - 60ml","CIEL:80675",
"cde4ade7-18b9-4f06-85e9-46caadfb36e1",,"CES: Nitrofurantoina 100mg - 40 capsulas","CIEL:80696",
"294f8304-12ac-4e0f-895b-0f0c62211d9f",,"CES: Nitroglicerina 5mg tabletas sublinguas **especial**","CIEL:80704",
"8ffa6d32-3b3c-4bcd-91c5-eb4a17a247a5",,"CES: Olanzapina 10mg - 14 tabletas","CIEL:81025",
"a2833aa8-3017-4b72-9d50-c8b9951bad46",,"CES: Olopatadina oftalmica **especial**","CIEL:81031",
"7e5a3a57-1163-47d0-a5df-c4a9dbbbc2c9",,"CES: Omeprazol 20mg - 7 tabletas","PIH:1244",
"1691cb8a-5936-46a9-9bd3-4ed3b008d5b6",,"CES: Ondansetron tabletas **especial**","CIEL:81073",
"f6214593-de01-4901-b697-f5afcd6c6b1f",,"CES: Oxcarbazepina 60mg/ml - 100ml **especial**","CIEL:81294",
"193f3771-048a-4670-af36-7b3f2ca33e68",,"CES: Oxcarbazepina 600mg - 20 tabletas **especial**","CIEL:81294",
"979dff90-ae42-492e-a05c-f9191916b341",,"CES: Óxido de zinc pasta 25g/100g - 30g","PIH:4064",
"380ee662-6acc-477a-a72b-123076fc136e",,"CES: Oxitocina inyectable - 1 ampolla","CIEL:81369",
"388bda37-075d-4811-8284-8231099ec977",,"CES: Paracetamol 300mg - 12 supositorios","PIH:89",
"3d8dd9d2-aad7-40d3-9287-c0911175f42b",,"CES: Paracetamol 500mg - 10 tabletas","PIH:89",
"f9a8167c-60c8-4b8e-957f-ff4acdaaf63e",,"CES: Paracetamol jarabe 3.2g/100 ml - 120 ml","PIH:89",
"29ff56b4-1ba4-4569-83c2-3afec35d9ac8",,"CES: Paracetamol solucion 100mg/ml - 20ml","PIH:89",
"7883a4b7-1090-4d2c-b13c-8a17f595e2ae",,"CES: Paracetamol/cafeína 500mg/50mg - tabletas","PIH:89",
"898ba74a-f9b1-4b00-8bdc-396fb485dfdf",,"CES: Paracetamol/fenilefrina/clorfenamina 325 mg/5 mg/2 mg - tabletas","CIEL:913",
"a88f9c47-2e78-47ed-8440-e04e74216199",,"CES: Paracetamol/metocarbamol 350mg/400mg - tabletas","PIH:89",
"b4bfacd0-be1b-4971-9948-e8fe0c5661b8",,"CES: Paroxetina 20mg - 20 tabletas **especial**","CIEL:81604",
"53100882-9b1c-463f-9226-4ec059bc2d0d",,"CES: Pentoxifillina 400mg tabletas","CIEL:81765",
"1dbb02cf-d26b-493b-9e04-967171a08778",,"CES: Perindopril 4mg - 14 tabletas **especial**","CIEL:81822",
"8fb11058-716e-4fc0-82ff-01e749769abd",,"CES: Permetrina shampoo 1 % (shampoo para piojos)","CIEL:81834",
"d419cf81-0732-4404-8de6-da1de6516db4",,"CES: Plántago psyllium - 400g","CIEL:82862",
"38760ac9-e9df-4e72-a5a9-bb2a29b3e446",,"CES: Pravastatina - tableta - 10 mg","CIEL:82411",
"8178ba95-f0a4-4689-b782-10f29130ddcb",,"CES: Prednisolona oftalmica **especial**","PIH:765",
"ce318d52-173f-4897-9101-d6e8ccd1b6ff",,"CES: Prednisona 50mg 20 tabletas","CIEL:82453",
"24551f40-b6e6-4b50-8af6-73db844215bc",,"CES: Prednisona 5mg 20 tabletas","CIEL:82453",
"c129a69b-ce58-4021-b9fd-e9f46f70461b",,"CES: Prometazina **especial**","CIEL:82670",
"064208d5-6dbd-4048-867c-f4ea2e342944",,"CES: Propafenona tabletas **especial**","CIEL:82696",
"145434b6-d2e9-463b-b5fe-8715d8a1aa07",,"CES: Propranolol 40mg - 30 tabletas","CIEL:82734",
"a1bc1ab4-d0e8-4e15-af77-3a89fee9e0e2",,"CES: Pruebas de tipificacion sanguinea","CIEL:165473",
"1a10b298-119f-4d6e-a0c2-fe7804f96bd4",,"CES: Psoriaderm **especial**","CIEL:165472",
"18615cb5-4c58-4ac8-a035-7afa3dbb3c55",,"CES: Quetiapina 100mg - 100 tabletas","CIEL:82990",
"9a5f8ca6-bf07-47de-8e44-12791eb17281",,"CES: Quetiapina 300mg - 60 tabletas","CIEL:82990",
"78cc5813-183a-4c4a-9f29-887daaaa8b34",,"CES: Ranitidina 150mg 20 tabletas","PIH:923",
"7aa095ab-8083-47b9-bd1d-0fe907935e99",,"CES: Rifaximina 200mg tabletas **especial**","CIEL:83362",
"944d4e6a-f8fa-41e6-afb8-f582e31e4208",,"CES: Risperidona 1mg 20 tabletas","CIEL:83405",
"7f2b8048-e4de-4f1b-9148-10903f1b79f5",,"CES: Risperidona 2mg 40 tabletas","CIEL:83405",
"b06a3dea-f761-4850-a40d-101f307be922",,"CES: Salbutamol aerosol 100mcg - 200 dosis","PIH:798",
"b6f22fee-562a-4d2d-9aa9-ab1c0b7a0152",,"CES: Salbutamol/bromuro de ipratropio solucion para nebulizar","PIH:12257",
"f5d78b3f-0936-4ec4-8750-801fe5b074b2",,"CES: Senosidos a-b 8.6mg - 60 tabletas","CIEL:83809",
"3a57a6e0-0926-416f-a29b-40a4236feedc",,"CES: Sertralina 50 mg - 14 tabletas","CIEL:83865",
"2d918c73-aa4b-4e48-b32b-2e39dfdc250f",,"CES: Shampoo alquitran de hulla **especial**","CIEL:73636",
"e33a7015-5398-4ac8-93e2-b6a5a315ed87",,"CES: Shampoo vin.quassia para piojos","CIEL:82983",
"c12ca1aa-5ce0-40f3-ba2c-6398180b0908",,"CES: Sildenafil tabletas **especial**","CIEL:83902",
"950a9c0c-0c3e-4c52-ac85-118e0542fdbe",,"CES: Simvastatina 10mg - tabletas","CIEL:83936",
"ac3fdeaf-c736-4162-a16c-cc3b78c2ae8d",,"CES: Sulfadiazina de plata crema 1g","PIH:938",
"db1ac6c1-0ec6-4262-aeaf-8ec6c1871e45",,"CES: Sulfato de magnesio inyectable 10% - 1 ampolla **especial**","CIEL:79247",
"7c46d158-bd95-4644-95c4-920dd227a31b",,"CES: Sulfazalacina 500mg tabletas **especial**","CIEL:84480",
"cdf54234-42a7-4616-b915-03d597693c1e",,"CES: Sumatriptán 100 mg tabletas","CIEL:84522",
"88bf2fa8-fc2c-4640-805c-93b087658aef",,"CES: Tacrolimus 1% crema **especial**","CIEL:84646",
"82a31c5c-f7fe-49dc-8bc0-185c41d9a64a",,"CES: Tamoxifeno 20 mg - 14 tabletas **especial**","PIH:7664",
"4e3454aa-3861-4653-83cd-b1f9ba0b0ddd",,"CES: Tamsulosina 0.4mg - 20 capsulas","CIEL:84670",
"ddd1e000-5fbd-4fe5-be51-df2bddef465a",,"CES: Telmisartan 40mg - 14 tabletas","CIEL:104843",
"60c5aed0-b5cb-4dc3-a2fb-bb94ad7f1d66",,"CES: Telmisartan/hidroclorotiazida 80mg/12.5mg - tabletas","CIEL:104843",
"bc4009f5-c22a-404a-a62a-93249d27a558",,"CES: Terazosina 2mg 20 tabletas","CIEL:84823",
"4d009d36-b1b8-44af-875b-aff3fab25da9",,"CES: Tetraciclina - tableta - 500 mg","CIEL:84893",
"0f9fe499-3cd8-4c48-ab7d-43a8fd62cc8e",,"CES: Tiamazol 5mg - 20 tabletas **especial**","CIEL:79691",
"8fe01874-8a7f-457d-9505-3a5fdd7cefcb",,"CES: Timolol + brimonidina + dorzolamida gotas oftalmicas **especial**","CIEL:104546",
"b1d19f31-f38e-493b-bd6d-64c8bcf001e3",,"CES: Tobramicina/dexametasona uguento oftalmico","PIH:12258",
"83f5e6ac-9eda-4299-aace-a7f854a13923",,"CES: Tolterodina tabletas **especial**","PIH:12259",
"eedd4433-24a6-47fd-ae54-fdac03f6e369",,"CES: Topiramato 100mg - 20 tabletas","CIEL:85235",
"e049d0b0-9053-44db-ab5f-ebb47696e3fe",,"CES: Topiramato 25mg - 20 tabletas","CIEL:85235",
"7ec0852e-0beb-49cf-b325-7fff31be54f4",,"CES: Tramadol - capsulas - 100 mg","CIEL:85276",
"3d735fd4-0c78-4c15-a166-979d366495d5",,"CES: Tramadol inyectable 50mg/ml 5 ampollas de 2ml","CIEL:85276",
"60c5a970-281c-4d53-b361-80b1fe5efbe1",,"CES: Trimetroprima/sulfametoxazol 160mg/800mg - 14 tabletas","CIEL:105281",
"e159f0db-4a34-4964-ae8d-4233fb56648d",,"CES: Trimetroprima/sulfametoxazol 80mg/400mg - 20 tabletas","CIEL:105281",
"e2ab1d6c-fe74-4d73-bf0f-80f01db5f864",,"CES: Trimetroprima/sulfametoxazol suspencion 80 mg/400 mg/100 ml","CIEL:105281",
"4638b608-a7dd-4ad8-87e4-e6d7c32a6ac6",,"CES: Valproato de magnesio 200mg - 40 tabletas","CIEL:79251",
"14d28196-61db-46ca-bf76-0b2f67448ccb",,"CES: Valproato de magnesio suspension 200mg/ml","CIEL:79251",
"76604add-8992-4d8d-a17b-42b1fc36c580",,"CES: Vaselina - 60g","CIEL:81861",
"cf0c064c-1b39-4914-9006-037d12684660",,"CES: Venlafaxina 75mg - 20 tabletas","CIEL:86155",
"fc738280-504b-4a0d-8259-7454a6162db9",,"CES: Vitaminas angels","PIH:461",
"e864bcd1-b735-48d2-a55a-74fc56bf5741",,"CES: Zinc 0.38 g capsulas","PIH:4064",
"47252c2d-5fc7-4373-a2a4-faca366f33d7",,"CES: Minoxidil topico **especial**","CIEL:79948",
"5165e920-e3c4-4ec0-b4d8-795998bdfe6f",,"CES: Crema lubriderm piel seca **especial**","PIH:12210",
"e625c883-c078-4828-b0cc-09f61da7bb21",,"CES: Melatonina tabletas 5mg","CIEL:79527",
"1d0c4308-27f5-4a4d-ba80-c708b77b261d",,"CES: Phlebodia tabletas 600mg","CIEL:74995",
"58345447-e513-4c6d-85c8-ad2ebb697d54",,"CES: Terbinafina 250 mg tabletas","CIEL:84825",
"9b2b521b-f4d2-4d31-897b-b2a6fa4cc3ca",,"SSA: Aceite lubricante para pieza de mano de baja velocidad - envase c/240 ml.","CIEL:162138",
"b4b10858-09c6-4c44-a378-0c64213a5c0d",,"SSA: Aceite mineral para uso externo - frasco con 250 ml","CIEL:79912",
"8b821cbf-17b0-47f0-990e-71ea443c1d68",,"SSA: Acenocumarol de 4 mg, tableta, envase con 20 tabletas. - 20 tabletas","CIEL:70105",
"d2ab0ebe-142d-4432-a2cb-b9aa5588369b",,"SSA: Acenocumarol de 4 mg, tableta, envase con 30 tabletas. - 30 tabletas","CIEL:70105",
"ae4ecf6b-b6a1-4f2d-bcff-ebe65678e93d",,"SSA: Ácido acetilsalicílico de 300 mg, tableta soluble o efervescente, envase con 20 tabletas solubles o efervescentes. - 20 tabletas solubles o efervescentes","PIH:88",
"63a1bdb3-73f1-40d6-aac9-2670537bd405",,"SSA: Ácido acetilsalicílico de 500 mg, tableta, envase con 20 tabletas. - 20 tabletas","PIH:88",
"afdde028-2e30-40f3-b268-7670c486517e",,"SSA: Ácido ascórbico de 100 mg, tableta, envase con 20 tabletas. - 20 tabletas","PIH:4041",
"252e225c-4d82-4fa2-b027-0f8e0007e475",,"SSA: Ácido fólico de 0.4 mg, tableta, envase con 90 tabletas. - 90 tabletas","CIEL:76613",
"329a9a8f-3c49-4280-bc45-8bc634ac8860",,"SSA: Ácido fólico de 4 mg, tableta, envase con 90 tabletas. - 90 tabletas","CIEL:76613",
"e7d1cff6-ab9f-4ada-95ee-4010f5acef4d",,"SSA: Ácido fólico de 5 mg, tableta, envase con 20 tabletas. - 20 tabletas","CIEL:76613",
"c7ba2c47-9504-4c60-b883-036cc9b69290",,"SSA: Ácido fólico de 5 mg, tableta, envase con 92 tabletas. - 92 tabletas","CIEL:76613",
"77aaa9b6-312a-4fbd-aa71-d6f9b2c9ecd7",,"SSA: Ácido valproico de 250 mg, cápsula, envase con 60 cápsulas. - 60 cápsulas","CIEL:86052",
"e9200048-7c3d-4269-9b02-385745e0a236",,"SSA: Alantoína alquitrán de hulla y clioquinol crema 0.2 g/100 g/ 5 g/100 g y 3 g/100 g - envase con 60 g.","CIEL:103349",
"bdfef4b2-6df5-44e2-8b6b-cbbc6257215e",,"SSA: Alantoína y alquitrán de hulla de 20.0 mg / 9.4 mg / ml, suspensión dérmica, envase con 120 ml. - envase con 120 ml","CIEL:103349",
"20613e3c-9d42-46d2-ac5e-bdfd2689702a",,"SSA: Albendazol de 200 mg, tableta, envase con 100 tabletas. - 100 tabletas","PIH:941",
"852e340a-b989-48b3-9511-a6904747c2c8",,"SSA: Albendazol de 200 mg, tableta, envase con 2 tabletas. - 2 tabletas","PIH:941",
"3590be5f-7718-4008-bc44-3a0cfbcf1e20",,"SSA: Albendazol de 400 mg / 20 ml, suspensión oral, envase con 20 ml. - envase con 20 ml","PIH:941",
"0e24eb98-62c4-459c-ba2e-dcdf540b93f9",,"SSA: Alcohol desnaturalizado - envase con 20 l.","CIEL:70468",
"dda282c8-b7c4-4819-80bb-ecb971f03ffe",,"SSA: Alcohol desnaturalizado. envase con 1 litro - envase con 1 l.","CIEL:70468",
"7b109abb-4409-468f-8bca-9dbef81c338d",,"SSA: Alcohol polivinílico de 14 mg/ml, solución oftálmica, envase con gotero integral con 15 ml. - gotero integral con 15 ml","CIEL:82315",
"cd5c20b3-eb0a-4503-a554-da2cbe2c5e54",,"SSA: Alopurinol de 100 mg, tableta, envase con 20 tabletas. - 20 tabletas","CIEL:70878",
"3283a994-fed5-476c-bb48-a0da010864d7",,"SSA: Alopurinol de 100 mg, tableta, envase con 50 tabletas. - 50 tabletas","CIEL:70878",
"5d16bc35-0010-4cb2-b80d-73ee240ffe85",,"SSA: Alopurinol de 300 mg, tableta, envase con 20 tabletas. - 20 tabletas","CIEL:70878",
"fde04a80-ee9b-4751-bdb0-1fa2011b84c7",,"SSA: Aluminio, hidróxido de - magnesio trisilicato de de 200 mg/447.3 mg, tableta masticable, envase con 50 tabletas masticables. - 50 tabletas","PIH:314",
"f6c6cff3-7059-4582-a8c9-75960cbed998",,"SSA: Aluminio, hidróxido de - magnesio trisilicato de de 3.7 mg/8.9 g/100 ml, suspensión oral, envase con 240 ml y dosificador. - envase con 240 ml","PIH:314",
"6e6420c5-86cf-4e03-bd9c-94ba3df11541",,"SSA: Ambroxol, clorhidrato de de 30 mg, comprimido, envase con 20 comprimidos. - 20 comprimidos","CIEL:71028",
"4a2f10fa-3a78-48bf-8625-2e18d60267f3",,"SSA: Ambroxol, clorhidrato de de 300 mg/100 ml, solución, envase con 120 ml y dosificador. - envase con 120 ml","CIEL:71028",
"0c9c83f2-1df1-496c-b049-a758cb1fe4b9",,"SSA: Aminofilina de 250 mg/10 ml, solución inyectable, envase con 5 ampolletas de 10 ml. - 5 ampolletas de 10 ml","CIEL:71101",
"e089e490-eea8-4bd9-b39c-84d6ba27b6ba",,"SSA: Amlodipino tabletas o capsulas 5 mg. - envase con 10 ó 30 capsulas o tabletas","CIEL:71138",
"5ac4788f-4a4a-41ca-a617-34f987af9c97",,"SSA: Amlodipino, besilato de de 5 mg, tableta o cápsula, envase con 10 tabletas o cápsulas. - 10 tabletas o cápsulas.","CIEL:71138",
"49605157-5732-4899-a42f-4729e9f9a48b",,"SSA: Amoxicilina sódica - ácido clavulánico (clavulanato de potasio) de 500 mg/100 mg, solución inyectable, envase con un frasco ámpula con 10 ml de diluyente. - env","PIH:450",
"b93516d7-b444-4fc1-9d5b-97da6dfe3661",,"SSA: Amoxicilina trihidratada - ácido clavulánico (clavulanato de potasio) de 1.5 g/375 mg / 60 ml, suspensión oral, envase con 60 ml, cada 5 ml con 125 mg de amoxic","PIH:450",
"1521b664-1d3a-41b3-bed0-77dd64b7e8a0",,"SSA: Amoxicilina trihidratada - ácido clavulánico (clavulanato de potasio) de 500 mg/125 mg, tableta, envase con 12 tabletas. - 12 tabletas","PIH:450",
"6af212e2-67bb-42ae-b7fc-3435396b7191",,"SSA: Amoxicilina trihidratada - ácido clavulánico (clavulanato de potasio) de 500 mg/125 mg, tableta, envase con 16 tabletas. - 16 tabletas","PIH:450",
"d21bc40c-aa52-44ca-8978-282bc6399c7a",,"SSA: Amoxicilina trihidratada de 500 mg, cápsula, envase con 12 cápsulas. - 12 cápsulas","PIH:265",
"6bca10aa-10a3-4253-8f9a-9d3ee7b58e67",,"SSA: Amoxicilina trihidratada de 500 mg, cápsula, envase con 15 cápsulas. - 15 cápsulas","PIH:265",
"f0456bbb-c08c-4f2e-8ea6-a4e80693b053",,"SSA: Amoxicilina trihidratada de 75 g / 75 ml, suspensión oral, envase con polvo para 75 ml (500 mg/5 ml). - envase para 75 ml","PIH:265",
"b53988c9-76d6-4ed0-830f-d2e558dd5df4",,"SSA: Ampicilina trihidratada de 250 mg / 5 ml, suspensión oral, envase con polvo para 60 ml y dosificador. - envase para 60 ml","PIH:269",
"e0cda55e-a079-41ee-aac2-b9cf8555e77d",,"SSA: Ampicilina trihidratada de 500 mg, tableta o cápsula, envase con 20 tabletas o cápsulas. - 20 tabletas o cápsulas","PIH:269",
"f1b170ef-b225-499b-a271-98c5ac4ab8a8",,"SSA: Beclometasona, dipropionato de 10 mg, suspensión en aerosol, envase con inhalador con 200 dosis de 50 µg. - envase con inhalador con 200 dosis de50 microgramo","PIH:1240",
"cafd5f72-0b4c-4eeb-a6e3-8dcd0d64c5fa",,"SSA: Beclometasona, dipropionato de de 50 mg, suspensión en aerosol, envase con inhalador con 200 dosis de 250 µg. - inhalador con 200 dosis de 250 microgramo","PIH:1240",
"7e376844-88d7-4ed2-b2b0-2af64ca20007",,"SSA: Bencilo, benzoato de de 300 mg / ml, emulsión dérmica, envase con 120 ml. - envase con 120 ml","PIH:409",
"bc77fecd-4a22-46c2-9f66-3bc487a60f88",,"SSA: Bencilpenicilina benzatínica compuesta suspensión inyectable - benzatínica 600 000 ui, procaínica 300 000 ui, cristalina 300 000 ui - frasco ámpula y diluyente ","PIH:4034",
"79099888-d205-4203-9565-75b49c6a9d75",,"SSA: Benzatina bencilpenicilina de 1 200 000 ui, suspensión inyectable, envase con un frasco ámpula y 5 ml de diluyente. - envase con un frasco ámpula y 5 ml de dilu","PIH:4034",
"d996668c-250a-4ebf-abeb-bd49fa0e4e87",,"SSA: Benzatina bencilpenicilina de 600 000 ui, suspensión inyectable, envase con un frasco ámpula y 5 ml de diluyente. - envase con un frasco ámpula y 5 ml de diluye","PIH:4034",
"192a1ba1-9e16-4411-9ad2-be013e4e795e",,"SSA: Benzoilo, peróxido de de 5 g / 100 g, gel dérmico, envase con 60 g. - envase con 60 ml","CIEL:72063",
"ace24552-6973-42d2-a158-8c314ca215ac",,"SSA: Benzoilo, peróxido de de 5 g / 100 ml, loción dérmica, envase con 30 ml. - envase con 30 ml","CIEL:72063",
"e7067162-21b1-4b4f-8ef7-bd7aa4ad489f",,"SSA: Benzoilo, peróxido de de 5 g / 100 ml, loción dérmica, envase con 50 ml. - envase con 50 ml","CIEL:72063",
"935e7623-5805-495c-8aaa-6fba21d03bcd",,"SSA: Benzonatato perla cada perla contiene benzonatato 100 mg - envase con 20 perlas","CIEL:72053",
"ecb3bf0a-9c3f-432f-9996-402495ea7e3a",,"SSA: Bismuto, subsalicilato de de 1.750 g/100ml, suspensión oral, envase con 240 ml. - envase con 240 ml","CIEL:72241",
"64d7a84c-7df3-42fd-bafa-bf215b77d743",,"SSA: Bromocriptina, mesilato de (gt5) de cada tableta contiene: mesilato de bromocriptina equivalente a 2.5 mg de bromocriptina., tableta, envase con 14 tabletas. - ","CIEL:72411",
"5215fb02-4bbb-44a9-9189-3a67a16bf52e",,"SSA: Butilhioscina - metamizol gragea 10 mg/ 250 mg, - envase con 36 grageas","CIEL:431",
"7950aff1-dc8c-4edf-ab8e-6bef7ca6cbb0",,"SSA: Butilhioscina - metamizol solución inyectable 20 mg/2.5 g/5 ml - envase con 5 ampolletas de 5 ml.","CIEL:431",
"32d9aa57-ada8-4b4a-9740-134388857a6e",,"SSA: Butilhioscina (n butilbromuro de hioscina) - metamizol) de 20 mg / 2.5 g / 5 ml, solución inyectable, envase con 5 ampolletas de 5 ml. - 5 ampolletas con 5 ml","CIEL:431",
"50cbc609-51f2-4d6c-a8c3-c42468a065b5",,"SSA: Butilhioscina, bromuro de o butilbromuro de hioscina de 10 mg, gragea o tableta, envase con 10 gragea o tabletas. - 10 grageas o tabletas","CIEL:431",
"da6e0210-e50f-4b02-9f5f-272d788f17e5",,"SSA: Butilhioscina, bromuro de ó butilbromuro de hioscina de 20 mg, solución inyectable, envase con 3 ampolletas de 1 ml. - 3 ampolletas con 1.0 ml","CIEL:431",
"b7356477-0fc7-4440-b2a4-eb7b3b816ffc",,"SSA: Calcio comprimido efervescente cada comprimido contiene: lactato gluconato de calcio 2.94 g carbonato de calcio 300 mg equivalente a 500 mg de calcio ionizable.","CIEL:72660",
"ae380d2e-b895-4fac-a65b-8c0b56128f07",,"SSA: Captopril de 25 mg, tableta, envase con 30 tabletas. - 30 tabletas","PIH:3182",
"f9f7ae6a-5a0e-452e-b782-8639917a9078",,"SSA: Cefalexina monohidratada de 500 mg, tableta o cápsula, envase con 20 tabletas o cápsulas. - envase con 20 tabletas o cápsulas.","CIEL:73087",
"ac030120-a550-49a9-9437-37beee2c0d24",,"SSA: Cinitaprida granulado 1 mg 30 sobres - envase","CIEL:73429",
"ce86c588-0772-4ac3-bbf7-af9cb82a991f",,"SSA: Cinitaprida, bitartrato de de 1 mg, comprimido, envase con 25 comprimidos. - 25 comprimidos","CIEL:73429",
"a236bf07-41d3-49ff-ab39-afa1d6703332",,"SSA: Cinitaprida, bitartrato de de 1 mg, granulado, envase con 30 sobres. - 30 sobres","CIEL:73429",
"30cfacc3-0285-40e2-84e7-8c18fb46a14c",,"SSA: Cinitaprida, bitartrato de de 20 mg/100 ml, solución oral, envase con 120 ml (1 mg/5 ml) y cucharita dosificadora. - envase con 120 ml y cucharita dosificadora","CIEL:73429",
"42fbbd3d-d263-409b-ae85-eaa19c61c8f6",,"SSA: Ciprofloxacino monohidratado, clorhidrato de de 250 mg, cápsula o tableta, envase con 8 cápsulas o tabletas. - 8 cápsulas ó tabletas","PIH:740",
"9d6c2ab2-45d7-40ea-92af-b57445e1bbda",,"SSA: Cisaprida suspensión cada 100 ml contienen: cisaprida 100 mg - envase con 60 ml y dosificador de 5 ml","CIEL:73453",
"4ce4162f-bb25-4268-acad-2c7d0afc5cfe",,"SSA: Cisaprida tableta 10 mg - caja con 30 tabletas","CIEL:73453",
"eda1b22d-fc3a-4906-9aea-e76cc0857b1a",,"SSA: Cisaprida tableta cada tableta contiene: cisaprida 5 mg . - envase con 30 tabletas.","CIEL:73453",
"68659c1b-e112-477e-a320-c535e51771ae",,"SSA: Citalopram, bromhidrato de de 20 mg, tableta, envase con 14 tabletas. - 14 tabletas","CIEL:73461",
"79d7dfe5-5241-43cd-83dd-b7110019c180",,"SSA: Citalopram, bromhidrato de de 20 mg, tableta, envase con 28 tabletas. - 28 tabletas","CIEL:73461",
"64567404-417f-480e-8bbd-9bcd8a7af101",,"SSA: Claritromicina de 250 mg, tableta, envase con 10 tabletas. - 10 tabletas","PIH:2459",
"9c1236e1-bd42-4629-91e7-549783fb12bc",,"SSA: Clindamicina, clorhidrato de de 300 mg, cápsula, envase con 16 cápsulas. - 16 cápsulas","CIEL:73546",
"1f721de8-1255-4560-9ba7-2bb06f728a68",,"SSA: Clioquinol de 30 mg / g, crema, envase con 20 g. - envase con 20 g","CIEL:73560",
"eb55ab7f-80f0-4b07-a5c7-122cf33c4fac",,"SSA: Cloranfenicol de 500 mg, cápsula, envase con 20 cápsulas. - 20 cápsulas","PIH:266",
"887a7166-59b6-4ef1-aaaa-8867d26ffb79",,"SSA: Cloranfenicol levógiro de 5 mg/g, ungüento oftálmico, envase con 5 g. - envase con 5 g","PIH:266",
"adccc16b-c733-4bc8-a98a-f7ec3008d18d",,"SSA: Cloranfenicol levógiro de 5 mg/ml, solución oftálmica, envase con gotero integral con 15 ml. - gotero integral con 15 ml","PIH:266",
"11e3ab93-2aa9-4636-a935-10960942bc0f",,"SSA: Clorfenamina, maleato de de 0.5 mg/ml, jarabe, envase con 60 ml. - envase con 60 ml","CIEL:913",
"5f6902f6-d8c4-4f1f-9996-47307f20ea23",,"SSA: Clorfenamina, maleato de de 10 mg / ml, solución inyectable, envase con 5 ampolletas con 1 ml. - 5 ampolletas","CIEL:913",
"2082f442-ed8e-4dac-bf77-eb67f578b98e",,"SSA: Clorfenamina, maleato de de 4.0 mg, tableta, envase con 20 tabletas. - 20 tabletas","CIEL:913",
"d1613d5b-4136-4c91-8415-431a6b5e6eff",,"SSA: Cloroquina, fosfato de de 150 mg, tableta, envase con 1,000 tabletas. - 1000 tabletas","PIH:98",
"df795a09-ec91-4e88-95dd-78e61dc5b3be",,"SSA: Clortalidona (gt3) de 50 mg, tableta, envase con 20 tabletas. - envase con 20 tabletas.","CIEL:73338",
"b24a1024-052d-45a5-a031-15fd93d58313",,"SSA: Colchicina de 1 mg, tableta, envase con 30 tabletas. - 30 tabletas","CIEL:73702",
"385199f7-00d2-44b9-b3b5-132059c7f4f5",,"SSA: Complejo b de tiamina, mononitrato de, 100mg, piridoxina 5 mg, cianocobalamina 50 µg, tableta, comprimido o cápsula, envase con 30 tabletas, comprimidos o cápsu","CIEL:84995",
"cf154c4a-632a-4a6b-abac-55216d046aed",,"SSA: Condón masculino de hule látex. envase con 100 piezas. - envase con 100 piezas","CIEL:190",
"fdddd018-2af7-4eae-ac0c-f88e6d3aee8e",,"SSA: Cromoglicato de sodio de 560/ 5 mg, suspensión aerosol, envase con espaciador para 112 dosis de 5 mg. - envase con 16 g para 112 inhalaciones","CIEL:74044",
"9561b8e0-dc7a-4c4b-aedf-b0df9849efea",,"SSA: Dapsona de 100 mg, tableta, envase con 1,000 tabletas. - 1000 tabletas","PIH:92",
"54f1a7c3-a18f-469c-8172-f630cb1d3ba1",,"SSA: Desogestrel y etinilestradiol de 0.15 mg/0.03 mg, tableta, envase con 21 tabletas. - 21 tabletas","CIEL:104421",
"172f7d64-c03c-452a-b1c4-8f6da5696cec",,"SSA: Desogestrel y etinilestradiol de 0.15 mg/0.03 mg, tableta, envase con 28 tabletas (21 con hormonales y 7 sin hormonales). - 28 tabletas (21 con hormonales y 7 s","CIEL:104421",
"69487ae2-c150-4a8f-be6b-9c391d2d70d4",,"SSA: Dextrometorfano jarabe 300 mg. - envase con 60 ml y dosificador","CIEL:74666",
"7b859983-dbbd-41bd-9f16-07f641ed5c27",,"SSA: Diclofenaco sódico de 100 mg, cápsula o gragea de liberación prolongada, envase con 20 cápsulas o grageas. - 20 cápsulas o grageas","CIEL:74782",
"ab5ea67f-10c3-46ee-9b8e-5d9ddfa24e78",,"SSA: Diclofenaco sódico de 75 mg/3 ml, solución inyectable, envase con 2 ampolletas con 3 ml. - 2 ampolletas con 3 ml","CIEL:74782",
"d5f6ab7a-236f-45f7-b448-6fae4b250ab1",,"SSA: Dicloxacilina sódica de 250 mg / 5 ml, suspensión oral, envase con polvo para 60 ml y dosificador. - envase para 60 ml","CIEL:74794",
"b1b3f420-35b6-478c-b99d-e107fb2ce084",,"SSA: Dicloxacilina sódica de 500 mg, cápsula o comprimido, envase con 20 cápsulas o comprimidos. - 20 cápsulas o comprimidos","CIEL:74794",
"a046e839-af64-4ed8-a9c6-cd679bb6a215",,"SSA: Difenhidramina jarabe 12.5mg/ml - envase","CIEL:75015",
"480eb3bf-f205-4b15-9cbf-a65fde411059",,"SSA: Difenhidramina, clorhidrato de de 100 mg / 10 ml, solución inyectable, envase con frasco ámpula de 10 ml. - frasco ámpula con 10 ml.","CIEL:75015",
"cfc0be6c-8943-476a-a045-c77a992f393f",,"SSA: Difenhidramina, clorhidrato de de 250 mg/100 ml, jarabe, envase con 60 ml. - envase con 60 ml","CIEL:75015",
"03085e89-c2f0-46ea-acba-c70c7ac76717",,"SSA: Difenidol, clorhidrato de de 25 mg, tableta, envase con 30 tabletas. - 30 tabletas","CIEL:75020",
"dfeb9c65-f762-4aca-a4ac-e939df250763",,"SSA: Difenidol, clorhidrato de de 40 mg/ 2 ml, solución inyectable, envase con 2 ampolletas con 2 ml. - envase con 2 ampolletas con 2 ml.","CIEL:75020",
"09b9dcdb-d197-42ac-831d-8ebcbf3fef7b",,"SSA: Digoxina de 0.05 mg / ml, elíxir, envase con 60 ml con gotero calibrado de 1 ml integrado o adjunto al frasco y le sirve de tapa. - envase con 60 ml","PIH:3488",
"c9a4c947-e72d-4604-b7a1-635cd5354707",,"SSA: Digoxina de 0.25 mg, tableta, envase con 20 tabletas. - 20 tabletas","PIH:3488",
"a387da95-ff06-4a38-8aa4-3ce6db7411c4",,"SSA: Digoxina de 0.5 mg / 2 ml, solución inyectable, envase con 6 ampolletas de 2 ml. - 6 ampolletas de 2 ml","PIH:3488",
"f6662f62-476c-407d-973f-9df0c75d51fe",,"SSA: Dimenhidrinato de 50 mg/ml, solución inyectable, envase con una ampolleta de 1 ml. - ampolleta con 1 ml","CIEL:74935",
"f229778e-09b0-453b-83eb-79ff8f72f524",,"SSA: Doxiciclina, hiclato de de 100 mg, cápsula o tableta, envase con 10 cápsulas o tabletas. - 10 cápsulas o tabletas","CIEL:75224",
"8a001950-1243-495f-ad86-37b4081cf001",,"SSA: Doxiciclina, hiclato de de 50 mg, cápsula o tableta, envase con 28 cápsulas o tabletas. - 28 cápsulas o tabletas","CIEL:75224",
"1962a467-9db0-4748-9e27-5a12e0bf78c0",,"SSA: Epinefrina de cada ampolleta contiene: epinefrina 1 mg (1:1 000), solución inyectable, envase con 50 ampolletas con 1 ml. - 50 ampolletas de 1.0 ml","CIEL:75744",
"e36a57d7-9250-4e9e-8bf9-669ea4d0547d",,"SSA: Eritromicina, estearato de de 250 mg / 5 ml, suspensión oral, envase con polvo para 100 ml y dosificador. - envase para 100 ml","CIEL:75842",
"95a77a1e-37ef-44f7-b2d2-3cb424c93a91",,"SSA: Eritromicina, estearato de de 500 mg, cápsula o tableta, envase con 20 cápsulas o tabletas. - 20 cápsulas o tabletas","CIEL:75842",
"ffce65fe-dc3f-4e8c-822d-7a8fa53dab1e",,"SSA: Esomeprazol o pantoprazol o rabeprazol u omeprazol o (agrupamiento de inhibidores la bomba de protones) tableta o gragea o cápsula esomeprazol 40 mg o pantopraz","PIH:1244",
"5c0b7a9e-dfa0-4262-a87a-36d9d13fac9d",,"SSA: Espironolactona de 100 mg, tableta, envase con 30 tabletas. - 30 tabletas","PIH:4061",
"3650f3b6-cc1b-486e-8800-8502384bb065",,"SSA: Espironolactona de 25 mg, tableta, envase con 20 tabletas. - 20 tabletas","PIH:4061",
"496ecef7-1179-4a05-ae65-6a291bab28a1",,"SSA: Espironolactona de 25 mg, tableta, envase con 30 tabletas. - 30 tabletas","PIH:4061",
"d617874a-6b4d-4c15-949b-721b58cc1639",,"SSA: Estreptomicina, sulfato de de 1 g, solución inyectable, envase con un frasco ámpula y diluyente con 2 ml. - frasco ámpula y diluyente con 2 ml","CIEL:84360",
"5a3b2c64-030e-4a66-ba89-12af5d143701",,"SSA: Estrógenos conjugados crema vaginal 0.625 mg/ g - envase con 43 g. y aplicador","CIEL:75929",
"c64ad572-cd9b-4790-b39a-33d858d31232",,"SSA: Estrógenos conjugados de origen vegetal de 0.625 mg, gragea o tableta, envase con 42 grageas o tabletas. - 42 grageas o tabletas","CIEL:75929",
"22a4ff98-cbe5-47ee-956c-bd8a811e17c5",,"SSA: Estrogenos conjugados origen natural, grageas de .625 mg - envase con 42 grageas o tabletas","CIEL:104606",
"c83d8cce-6cc3-48ac-95cb-489633f51080",,"SSA: Etambutol, clorhidrato de de 400 mg, tableta, envase con 50 tabletas. - 50 tabletas","PIH:745",
"77db3a71-f333-4122-82b0-46af04d379b9",,"SSA: Etonogestrel de 68 mg, implante, envase con un implante y aplicador. - implante y aplicador.","CIEL:76022",
"a67b93bb-8b76-46d0-a615-10423d36685a",,"SSA: Ezetimiba-simvastatina de 10 mg/ 20 mg, comprimido, envase con 14 comprimidos. - envase con 14 comprimidos.","CIEL:104633",
"270cc4ab-a7ba-4003-9a99-446fb733987c",,"SSA: Felodipino tableta de liberación prolongada 5 mg - envase con 10 tabletas","CIEL:76211",
"1b04e093-4bfe-4670-8445-e0e30654d3a5",,"SSA: Fenazopiridina tableta 100 mg. - envase con 20 tabletas.","CIEL:81909",
"bee0e7c3-8512-4b8b-8d39-1d796b0ea0d3",,"SSA: Fenitoína de 37.5 mg/5 ml, suspensión oral, envase con 120 ml y vasito dosificador de 5 ml. - envase con 120 ml y dosificador de 5 ml","CIEL:82023",
"dabdae4f-d2b8-424c-94dd-8ae6188e30d3",,"SSA: Fenitoína sódica de 100 mg, cápsula o tableta, envase con 50 tabletas o cápsulas. - 50 tabletas o cápsulas","CIEL:82024",
"0e76363d-953d-4f94-a60a-0d3d4963942a",,"SSA: Fenitoína sódica de 250 mg/5 ml, solución inyectable, envase con una ampolleta (250 mg/5 ml). - una ampolleta con 5 ml","CIEL:82024",
"e4460a49-6fee-4ebd-b6a4-b145520c67fd",,"SSA: Fenitoína sódica de 30 mg, tableta, envase con 50 tabletas. - 50 tabletas","CIEL:82024",
"bbbe7598-90eb-42b3-be97-bac5dc7edd23",,"SSA: Fitomenadiona de 2 mg, solución o emulsión inyectable, envase con 3 ampolletas de 0.2 ml. - 3 ampolletas con 0.2 ml","CIEL:86353",
"b32f050a-ccaf-4820-bd84-0efa7dcb98ff",,"SSA: Fitomenadiona de 2 mg, solución o emulsión inyectable, envase con 5 ampolletas de 0.2 ml. - envase con 5 ampolletas de 0.2 ml.","CIEL:86353",
"2454e77f-2b88-4090-96fe-900ec0438831",,"SSA: Fitomenadiona solución o emulsión inyectable, cada ampolleta contiene fitomenadiona 10 mg. presentación: 5 ampolletas con 1.0 ml - envase con 5 ampolletas de 1 ","CIEL:86353",
"5f0bece3-9706-452d-ab00-33d1c0920b43",,"SSA: Fluocinolona acetonido de crema 0.1 mg/g - envase con 20 gramos","CIEL:76515",
"db50afae-d839-4292-90fc-6cc346ce01a7",,"SSA: Fluoxetina, clorhidrato de de 20 mg, cápsula o tableta, envase con 14 cápsulas o tabletas. - 14 cápsulas o tabletas","CIEL:76553",
"f69e5953-00db-4970-b688-74685cd40404",,"SSA: Fluoxetina, clorhidrato de de 20 mg, cápsula o tableta, envase con 28 cápsulas o tabletas. - 28 cápsulas o tabletas","CIEL:76553",
"ff7ce1b3-f589-4e8e-9d2d-ef5547043508",,"SSA: Fumarato ferroso de cada ml contiene: fumarato ferroso 29 mg equivalente a 9.53 mg de hierro elemental, suspensión oral, envase con 120 ml. - envase con 120 ml","CIEL:76335",
"1dc99ac5-0412-4e2d-93be-80654e2cb809",,"SSA: Fumarato ferroso de cada tableta contiene: fumarato ferroso 200 mg equivalente a 65.74 mg de hierro elemental, tableta, envase con 50 tabletas. - 50 tabletas","CIEL:76335",
"26d38fad-25e5-441a-83ef-63394d179ab1",,"SSA: Furosemida de 20 mg/2 ml, solución inyectable, envase con 5 ampolletas con 2 ml. - 5 ampolletas con 2 ml","PIH:99",
"2c3ddf95-dd47-49c0-be37-1df18c57c59e",,"SSA: Furosemida de 40 mg, tableta, envase con 20 tabletas. - 20 tabletas","PIH:99",
"8a120073-dde5-42b7-8c5e-017c9c37e8f1",,"SSA: Gentamicina, sulfato de de 20 mg, solución inyectable, envase con ampolleta con 2 ml. - ampolleta con 2 ml","PIH:100",
"62eada3f-9251-4ace-a6be-c00dbdafddd6",,"SSA: Gentamicina, sulfato de de 80 mg, solución inyectable, envase con ampolleta con 2 ml. - ampolleta con 2 ml","PIH:100",
"cc2cf316-80a9-43da-a066-79c8309f41e4",,"SSA: Glibenclamida de 5 mg, tableta, envase con 50 tabletas. - 50 tabletas","PIH:4046",
"51da8e86-d985-4bce-9d44-b1a9b2be7175",,"SSA: Glicerina envase con 55 ml - envase","CIEL:77073",
"0ac1d0a3-1754-4bb7-b7f2-b4a5601dcec2",,"SSA: Glucosa anhidra de cada 100 ml contienen: glucosa anhidra 50 g equivalente a 50.0 g de glucosa. contiene: glucosa 25 g, solución inyectable al 50 %, envase con ","CIEL:77054",
"8cbd63fa-bc32-4c4e-880a-59ca635334c1",,"SSA: Hidralazina solución inyectable cada ampolleta contiene: clorhidrato de hidralazina 10 mg. - 5 ampolletas con 1.0 ml","CIEL:77675",
"c7ab0863-3f75-4842-8233-e38098371f5b",,"SSA: Hidralazina, clorhidrato de de 10 mg, tableta, envase con 20 tabletas. - 20 tabletas","CIEL:77675",
"05fe6d84-0eb1-40ea-bdb2-4ba225da3cdf",,"SSA: Hidralazina, clorhidrato de de cada ampolleta contiene: clorhidrato de hidralazina 10 mg / ml, solución inyectable, envase con 5 ampolletas con 1 ml. - 5 ampoll","CIEL:77675",
"0d9bc039-f7d8-4f62-b817-1e3e6a0a5752",,"SSA: Hidralazina, clorhidrato de de cada ampolleta contiene: clorhidrato de hidralazina 20 mg / ml, solución inyectable, envase con 5 ampolletas con 1 ml. - 5 ampoll","CIEL:77675",
"d06bf59a-6d2c-4188-98af-13225a0169e5",,"SSA: Hidroclorotiazida de 25 mg, tableta, envase con 20 tabletas. - 20 tabletas","PIH:1243",
"9f5aab96-db24-4215-9520-7c8a230f279c",,"SSA: Hidrocortisona, 17-butirato de de 1 mg / g, crema, envase con 15 g. - envase con 15 g","CIEL:77714",
"b2ebc506-6fca-4fc9-af13-e434c4f45162",,"SSA: Hidrocortisona, succinato sódico de de 100 mg / 2 ml, solución inyectable, envase con 50 frascos ámpula y 50 ampolletas con 2 ml de diluyente. - 50 frascos ámpu","CIEL:77714",
"67eaa08c-6ac9-4499-a20a-e926683114b9",,"SSA: Hidròxido de calcio estuche base-catalizador, para sellar cavidades dentales. de hidróxido de calcio, compuesto autopolimerizable, dos pastas semilíquidas, base","CIEL:72682",
"fde99547-f6fc-4ab5-8ad9-9e762f71bf2e",,"SSA: Hierro aminoquelado y ácido fólico tableta - hierro elemental 30 mg ácido fólico 0.500 mg - 30 tabletas - envase","PIH:773",
"41cc9856-98a8-40f5-be89-0d129f5040b1",,"SSA: Hierro dextrán solución inyectable - 100 mg/2 ml - 3 ampolletas con 2 ml - envase","CIEL:78230",
"671068e8-0faf-4460-9ec0-8ae058ca7079",,"SSA: Hipromelosa de 20 mg/ml, solución oftálmica al 2%, envase con gotero integral con 15 ml. - envase con gotero integral con 15 ml.","CIEL:77850",
"843fb498-aa48-4bb7-9f2d-d7bc5416a117",,"SSA: Inmunoglobulina humana antirrábica de cada frasco ámpula o ampolleta contiene: inmunoglobulina humana antirrábica 300 ui, solución inyectable, envase con un fra","CIEL:77594",
"398a1628-24d6-469d-b746-d47195893c9e",,"SSA: Insulina glargina solución inyectable 3.64 mg/ml. - envase con 5 cartuchos de vidrio con 3 ml. en dispositivo desechable","CIEL:78064",
"15e3337b-61cc-4d77-a0a6-5292a1738c0d",,"SSA: Insulina humana acción rápida regular (origen adn recombinante ) de 100 ui / ml, solución inyectable, envase con un frasco ámpula con 5 ml. - un frasco ámpula c","CIEL:78082",
"f770559e-f86b-4241-bec7-ddc777b45855",,"SSA: Insulina humana acción rápida regular (origen adn recombinante) de 100 ui / ml, solución inyectable, envase con un frasco ámpula con 10 ml. - un frasco ámpula c","CIEL:78082",
"047e815d-9ede-495f-bf63-ed85b18b3621",,"SSA: Insulina humana isófana acción intermedia nph (origen adn recombinante ) de 100 ui / ml, suspensión inyectable, envase con un frasco ámpula con 10 ml. - un fras","CIEL:78068",
"eddea073-9965-4029-975d-e0ac8b2256b7",,"SSA: Insulina zinc compuesta humana (origen adn recombinante )acción intermedia de 100 ui / ml, suspensión inyectable, envase con un frasco ámpula con 10 ml. - un fr","CIEL:78086",
"20aacf93-7175-4f60-b638-320e1f161a73",,"SSA: Insulina zinc isófana humana acción intermedia nph (origen adn recombinante ) de 100 ui / ml, suspensión inyectable, envase con un frasco ámpula con 5 ml. - un ","CIEL:78068",
"85b6b4a7-c275-4277-97ce-90679b7cbbf5",,"SSA: Iodopovidona espuma. cada 100 ml contienen: iodopovidona 8 g. equivalente a 0.8 g de yodo. - envase con 3.5 l.","CIEL:82384",
"bef82524-4eca-45e8-ba69-f0b3eb52bf99",,"SSA: Iodopovidona solucion cada 100 ml contienen iodopovidona 11 g., equivalente a 1.1 g de yodo. envase con 3.5 ml. - envase con 3.5 l","CIEL:82384",
"1ffebf48-7526-4ff5-b508-c37fe5cf86e7",,"SSA: Irbesartán - hidroclorotiazida de 150 mg/12.5 mg, tableta, envase con 28 tabletas. - envase con 28 tabletas.","CIEL:104831",
"d94b60d3-72f5-4b98-9288-813e81a8d62a",,"SSA: Isoconazol, nitrato de de 1 g / 100 g, crema, envase con 20 g. - envase con 20 g","CIEL:78251",
"ee7753b5-3a5d-4a28-81cc-7f06d1ac0c5f",,"SSA: Isoniazida - rifampicina-pirazinamida - clorhidrato de etambutol de 75 mg/150 mg/400 mg/300 mg, tableta, envase con 240 tabletas. - 240 tabletas","PIH:656",
"f418fe7d-6971-44d2-924a-4a6d2a87c01c",,"SSA: Isoniazida de 100 mg, tableta, envase con 200 tabletas. - 200 tabletas","PIH:656",
"5ea1fc12-7e62-4b20-bf2b-27c1437bb7e4",,"SSA: Isoniazida y rifampicina de 400 mg/300 mg, tableta recubierta, envase con 90 tabletas recubiertas. - 90 tabletas recubiertas","PIH:656",
"65ca5b7c-86a3-46e7-9cf1-5de723045727",,"SSA: Isosorbida, dinitrato de de 10 mg, tableta, envase con 20 tabletas. - 20 tabletas","PIH:3428",
"82818fe5-fe21-4861-a6f3-99d5c29e3130",,"SSA: Isosorbida, dinitrato de de 5 mg, tableta sublingual, envase con 20 tabletas sublinguales. - 20 tabletas sublinguales","PIH:3428",
"e0d4cb98-f6a9-42ad-8bbe-c62e22c19a4e",,"SSA: Itraconazol de 100 mg, cápsula, envase con 15 cápsulas. - 15 cápsulas","CIEL:78338",
"668b9e13-ba32-4ff0-92e5-a6439c408b11",,"SSA: Jabon con clorhexidina al 4 % antiseptico de amplio espectro con accion intermedia y prolongada para lavado de manos ingrediente activo al 4 % p/v 946 ml pieza ","CIEL:73265",
"2168d42c-98bb-4400-b1a4-45d0ef775996",,"SSA: Jalea lubricante. aséptica. - envase con 135 g","CIEL:162138",
"e624f920-43e8-4e27-9b27-2fa56555840a",,"SSA: Ketoconazol de 200 mg, tableta, envase con 10 tabletas. - 10 tabletas","PIH:926",
"f6ee31fd-9f91-4597-af34-b89274e7356a",,"SSA: Ketoprofeno de 100 mg, cápsula, envase con 15 cápsulas. - 15 cápsulas","CIEL:78479",
"ba89e482-2831-46c2-862e-e872429d07ba",,"SSA: Ketorolaco tometamina tabletas de 10 mg - frasco de 10 tabletas con 10 mg","CIEL:78482",
"2f97e964-3fbc-4da6-a619-d7ad5c95e391",,"SSA: Levonorgestrel de 0.03 mg, gragea, envase con 35 grageas. - 35 grageas","PIH:1718",
"c72e7ed6-c179-481e-9873-812e20aee1fa",,"SSA: Levonorgestrel de 0.750 mg, comprimido o tableta, envase con 2 comprimidos o tabletas. - envase con 2 comprimidos o tabletas.","PIH:1718",
"1f003a43-d738-4c7d-ab87-8239db9e50fe",,"SSA: Levonorgestrel y etinilestradiol de 0.15 mg/0.03 mg, gragea, envase con 21 grageas. - 21 grageas","CIEL:162296",
"81a9ed8d-6ae8-408f-a96d-a4a295d20e15",,"SSA: Levonorgestrel y etinilestradiol de 0.15 mg/0.03 mg, gragea, envase con 28 grageas (21 con hormonales y 7 sin hormonales). - 28 grageas (21 con hormonales y 7 s","CIEL:162296",
"0978646d-243c-46b7-89a4-8b23393bd0b2",,"SSA: Lidocaína de 10.0 g / 100 ml, solución al 10%, envase con 115 ml con atomizador manual. - 115 ml con atomizador manual","CIEL:78849",
"8fa3429d-50df-4c5b-8f82-43aa31c9f5a7",,"SSA: Lidocaina-hidrocortisona ungüento 50 mg/2.5 mg/1g - envase","CIEL:104859",
"9212c5de-5f29-4640-84ba-ad99e9fc10a1",,"SSA: Lidocaína, clorhidrato de (gt3) de 500 mg / 50 ml, solución inyectable al 1%, envase con 5 frascos ámpula de 50 ml. - 5 frascos ámpula con 50 ml","CIEL:78849",
"83e40f8f-6f23-43ad-a492-298c7892a165",,"SSA: Lidocaína, clorhidrato de de 1 g / 50 ml, solución inyectable al 2%, envase con 5 frascos ámpula con 50 ml. - 5 frascos ámpula con 50 ml","CIEL:78849",
"94dcba35-d96f-4140-832c-eb951caa13fc",,"SSA: Lidocaína, clorhidrato de, epinefrina de 1 g / (1:200000) / 0.25 mg, solución inyectable al 2%, envase con 5 frascos ámpula con 50 ml. - 5 frascos ámpula con 50","CIEL:104584",
"569361a1-097b-4dc5-a3d3-5d0f807706a6",,"SSA: Lidocaína, clorhidrato de, epinefrina de 36 mg / (1:100000) / 0.018 mg, solución inyectable al 2%, envase con 50 cartuchos dentales con 1.8 ml. - 50 cartuchos d","CIEL:104584",
"4b5fa506-95c6-4de1-99a5-88e76a0a570e",,"SSA: Lidocaína, clorhidrato de, glucosa monohidratada de 100 mg / 2 ml / 150 mg, solución inyectable al 5%, envase con 50 ampolletas con 2 ml. - 50 ampolletas con 2 ","CIEL:104735",
"2a42a7b1-b808-45d8-8eba-615cf45738a5",,"SSA: Lisinopril de 10 mg, cápsula o tableta, envase con 30 cápsulas o tabletas. - 30 cápsulas o tabletas","PIH:3183",
"0fa5f50a-c0ee-4cae-85a6-e18d992acd40",,"SSA: Loperamida tableta cada comprimido tabletas o gragea contiene: clorhidrato de loperamida 2 mg. - envase con 12 tabletas.","CIEL:79038",
"09fe82a8-0795-40a7-a863-8e092cde87b2",,"SSA: Loperamida, clorhidrato de de 2 mg, comprimido, tableta o gragea, envase con 12 comprimidos, tabletas o grageas. - 12 comprimidos, tabletas o grageas","CIEL:79038",
"448e5a12-e989-46f6-a9d7-7f482565fe59",,"SSA: Loratadina de 10 mg, tableta o gragea, envase con 20 tabletas o grageas. - 20 tabletas o grageas","CIEL:79053",
"54aa16a7-dc6d-4e0a-8177-b9f66b6f9609",,"SSA: Loratadina jarabe 5mg/5ml. - envase","CIEL:79053",
"a733ac97-7c8d-4c76-b1a1-d9fbe724db2e",,"SSA: Losartan gragea 50 mg - gragea","CIEL:79074",
"c1581f78-a668-4b9d-8386-b87e62d79026",,"SSA: Magnesio, valproato de (ácido valproico) de 185.6 mg / 200 mg, tableta con cubierta entérica, envase con 40 tabletas. - 40 tabletas","CIEL:79224",
"f8adcbed-f16c-4769-ac1a-2827dde30fac",,"SSA: Magnesio, valproato de (ácido valproico) de 186 mg/ml, solución, envase con 40 ml. - envase con 40 ml","CIEL:79224",
"4395cc59-6dde-4cce-b567-9f72fab071ab",,"SSA: Magnesio, valproato de de 600 mg, tableta de liberación prolongada, envase con 30 tabletas. - 30 tabletas","CIEL:79224",
"412ec8c2-67eb-47e9-b8ab-5e30e7113cc2",,"SSA: Mebendazol de 100 mg, tableta, envase con 6 tabletas. - 6 tabletas","PIH:244",
"9c80b0cb-72ea-40be-a896-b20d579c509c",,"SSA: Medroxiprogesterona, acetato de, estradiol, cipionato de de 25 mg/5 mg/0.5 ml, suspensión inyectable, envase con una ampolleta con 0.5 ml. - ampolleta o jeringa","CIEL:79494",
"0fe8c5bf-2662-4e74-ac57-8badc3d2357d",,"SSA: Meloxicam de 15 mg, tableta, envase con 10 tabletas. - envase con 10 tabletas.","CIEL:79532",
"cf66a394-05ed-4b05-9a59-7d2bb329b251",,"SSA: Mercurio tridestilado. quimicamene puro. envase con 250 g. - envase con 250 g","CIEL:79605",
"ef244bc6-a202-4132-a26d-543da0597e74",,"SSA: Metamizol sódico de 1 g / 2 ml, solución inyectable, envase con 3 ampolletas con 2 ml. - 3 ampolletas con 2 ml","CIEL:75047",
"953b48b8-f5a5-47f8-931e-a9d0333ea172",,"SSA: Metamizol sódico de 500 mg, comprimido, envase con 10 comprimidos. - 10 comprimidos","CIEL:75047",
"e3d0a615-0a72-4905-ac6d-e630dcc4968f",,"SSA: Metformina, clorhidrato de de 850 mg, tableta, envase con 30 tabletas. - 30 tabletas","CIEL:79652",
"22dd834d-32d0-4bba-9fb7-de51bde3008b",,"SSA: Metocarbamol de 400 mg, tableta, envase con 30 tabletas. - 30 tabletas","CIEL:79696",
"cc09a83e-c8af-42d3-ad61-84c238079763",,"SSA: Metoclopramida, clorhidrato de de 10 mg, solución inyectable, envase con 6 ampolletas de 2 ml. - 6 ampolletas con 2 ml","CIEL:79757",
"662fac00-f3e8-4127-af93-af3317d9dea6",,"SSA: Metoclopramida, clorhidrato de de 10 mg, tableta, envase con 20 tabletas. - 20 tabletas","CIEL:79757",
"f68262d7-6ad1-43e6-8a66-03abe6ef506d",,"SSA: Metoclopramida, clorhidrato de de 4 mg/ml, solución, envase frasco gotero con 20 ml. - frasco gotero con 20 ml","CIEL:79757",
"dfbe2c8c-f045-45a4-a8bb-86ce28f0396b",,"SSA: Metoprolol, tartrato de de 100 mg, tableta, envase con 20 tabletas. - 20 tabletas","CIEL:79767",
"2977edf8-d09e-4890-aafb-c1c68bb694cb",,"SSA: Metronidazol de 500 mg, óvulo o tableta vaginal, envase con 10 óvulos o tabletas. - 10 óvulos o tabletas vaginales","PIH:237",
"898ce582-e81b-40bd-ab14-f5d3cf63174a",,"SSA: Metronidazol de 500 mg, tableta, envase con 20 tabletas. - 20 tabletas","PIH:237",
"e4f25800-8622-46b3-afd0-3f7d2e9a1d4e",,"SSA: Metronidazol de 500 mg, tableta, envase con 30 tabletas. - 30 tabletas","PIH:237",
"4e72831c-7674-420a-8b38-fcbee5698f4a",,"SSA: Metronidazol, benzoilo de de 250 mg / 5 ml, suspensión oral, envase con 120 ml y dosificador. - envase con 120 ml","CIEL:79783",
"5e5c470f-ba08-4422-afc0-753eff1659bc",,"SSA: Miconazol, nitrato de de 20 mg / g, crema, envase con 20 g. - envase con 20 g","PIH:918",
"0b4c8973-7c6a-4096-b315-fa9878df17c6",,"SSA: Misoprostrol cada tableta contiene: misoprostol 200 µg envase con 28 comprimidos - envase con 28 comprimidos.","CIEL:79984",
"b852c6d3-c228-4b63-a7a4-ef60b8eb6012",,"SSA: Mometasona, monohidratada furoato de (gt18) de 0.050 g/100 ml, suspensión para inhalación, envase nebulizador con 18 ml y válvula dosificadora (140 nebulizacion","CIEL:80049",
"0e97ee30-a81a-4176-bc06-110d30ba6c15",,"SSA: Multivitaminas (polivitaminas) y minerales de vitamina a, 2500 ui, d2, 200 ui, e, 15.0 mg, c, 60 mg, tiamina, 1.05 mg, riboflavina, 1.2 mg, piridoxina, 1.05 mg,","PIH:461",
"4cddba70-c203-4a62-94ed-b4b97bef5ba7",,"SSA: Nafazolina, clorhidrato de de 1 mg/ml, solución oftálmica, envase con gotero integral con 15 ml. - gotero integral con 15 ml","CIEL:80384",
"ffe89120-64fd-4232-ab27-74f64fd1153f",,"SSA: Naproxeno de 125 mg/ 5 ml, suspensión oral, envase con 100 ml. - envase con 100 ml","CIEL:80395",
"25299a14-b890-4f9c-921e-9f8bd3b3922e",,"SSA: Naproxeno de 250 mg, tableta, envase con 30 tabletas. - 30 tabletas","CIEL:80395",
"2de3f152-4043-498d-b5a4-49866c5e8a8b",,"SSA: Neomicina, sulfato de, polimixina b, sulfato de y gramicidina de 1.75 mg/5 000 u/25 µg/ml., solución oftálmica, envase con gotero integral con 15 ml. - gotero i","CIEL:80514",
"18a463c9-da44-45dc-88c0-fb884a1d411c",,"SSA: Nifedipino de 10 mg, cápsula de gelatina blanda, envase con 20 cápsulas. - 20 cápsulas","PIH:250",
"e13a6879-8b9e-4c2f-830f-be9be2935820",,"SSA: Nifedipino de 30 mg, comprimido de liberación prolongada, envase con 30 comprimidos. - 30 comprimidos","PIH:250",
"3977a10c-e201-4e41-b3f2-ca519ffaf6e8",,"SSA: Nistatina de 100 000 ui, óvulo o tableta vaginal, envase con 12 óvulos o tabletas. - 12 óvulos o tabletas vaginales","PIH:919",
"dd80d72d-4e23-4d63-9ada-467359995b12",,"SSA: Nistatina de 2 400 000 ui / 24 ml, suspensión oral, envase para 24 ml. - envase para 24 ml","PIH:919",
"55e95e85-b56e-45c2-979c-f5b58bc56275",,"SSA: Nistatina suspension oral 100,000 ui/ml. - envase","PIH:919",
"0413dd5e-bf86-4790-bb04-81fea71d31ef",,"SSA: Nitazoxanida de 100 mg/5 ml, suspensión oral, envase con 30 ml. - envase con 30 ml","CIEL:80675",
"f450997a-529a-4a06-8f82-99d7fffa55ab",,"SSA: Nitazoxanida de 200 mg, tableta, envase con 6 tabletas. - 6 tabletas","CIEL:80675",
"f4a5f761-812f-4839-b6e1-61f084b32021",,"SSA: Nitrofural de 6 mg, óvulo, envase con 6 óvulos. - 6 óvulos","CIEL:80701",
"334b5bd6-9adc-490b-a07d-cd36de6293f6",,"SSA: Nitrofurantoína de 100 mg, cápsula, envase con 40 cápsulas. - 40 cápsulas","CIEL:80696",
"4c47a9c7-ed5f-472a-9a6d-86318a311056",,"SSA: Nitrofurantoína de 500 mg/100 ml, suspensión oral, envase con 120 ml (25 mg/5 ml). - envase con 120 ml","CIEL:80696",
"1c641b4b-0ffc-48f3-84b8-3ec14990d6d9",,"SSA: Nitrofurantoina suspension 25mg/5ml. - envase","CIEL:80696",
"953f26a9-56a3-472e-9e16-68785aec6076",,"SSA: Norelgestromina y etinilestradiol de 6 mg/0.60 mg, parche, envase con 3 parches. - 3 parches","CIEL:104626",
"71b396c8-ce9c-4a4a-a2fe-726c467f22b9",,"SSA: Óxido de zinc de 25. 0 g / 100 g, pasta, envase con 30 g. - envase con 30 g","PIH:4064",
"4c726afb-fc82-4a1f-9f5d-c68558fb5b4c",,"SSA: Paracetamol de 100 mg / ml, solución oral, envase con 15 ml, gotero calibrado a 0.5 y 1 ml, integrado o adjunto al envase que sirve de tapa. - envase con gotero","PIH:89",
"f1f95087-4d79-4c57-8242-98ead3cb46a7",,"SSA: Paracetamol de 100 mg, supositorio, envase con 10 supositorios. - 10 supositorios","PIH:89",
"73013262-1792-4a97-af86-37bc363dd708",,"SSA: Paracetamol de 100 mg, supositorio, envase con 3 supositorios. - 3 supositorios","PIH:89",
"7dc61a9e-d7f3-4a9f-81be-c802d73c16c9",,"SSA: Paracetamol de 100 mg, supositorio, envase con 6 supositorios. - 6 supositorios","PIH:89",
"8e6af10e-00a4-43d8-b4ea-faa0f036e374",,"SSA: Paracetamol de 300 mg, supositorio, envase con 3 supositorios. - 3 supositorios","PIH:89",
"98a08d23-2b73-48ad-836c-fa29f564ceec",,"SSA: Paracetamol de 500 mg, tableta, envase con 10 tabletas. - 10 tabletas","PIH:89",
"52f2226a-4467-4df3-b279-8a8b76426a33",,"SSA: Paroxetina, clorhidrato de de 20 mg, tableta, envase con 10 tabletas. - 10 tabletas","CIEL:81604",
"ac7e449f-34fd-4b2d-af4a-1df97fe8ec1c",,"SSA: Permetrina de 1 g/100 ml, solución, envase con 110 ml. - envase con 110 ml","CIEL:81834",
"6de98ccd-da51-42e0-9444-33867350c9eb",,"SSA: Pirantel, pamoato de de 250 mg, tableta, envase con 6 tabletas. - 6 tabletas","CIEL:82898",
"0cc913dd-542f-406c-b658-df3db5a16350",,"SSA: Pirazinamida de 500 mg, tableta, envase con 50 tabletas. - 50 tabletas","PIH:5829",
"966cdfd4-4fa6-4b05-ab37-d53a361064e0",,"SSA: Piridoxina de 300 mg, tableta, envase con 10 tabletas. - 10 tabletas","CIEL:82912",
"1d10a5ed-da06-46e4-9fb3-98fa74695932",,"SSA: Piroxicam capsula o tableta 20 mg. - envase con 20 capsulas o tabletas.","CIEL:82163",
"21094333-567f-4354-957a-384017887257",,"SSA: Plántago psyllium de 49.7 g/100 g, polvo, envase con 400 g. - envase con 400 g","CIEL:82862",
"ad120b55-4924-4b32-8113-7b148fd15d11",,"SSA: Podofilina, resina de de 250 mg / ml, solución dérmica, envase con 5 ml. - envase con 5 ml","CIEL:82228",
"0d4ec93e-798d-40b7-9a95-b87ac247a47f",,"SSA: Prazicuantel de 600 mg, tableta, envase con 25 tabletas. - 25 tabletas","CIEL:82416",
"c904c451-0fbb-4341-a29d-eab7d5606c15",,"SSA: Prednisona (gt12) de 5 mg, tableta, envase con 20 tabletas - 20 tabletas","CIEL:82453",
"e595fbc3-6dc8-4720-a78a-f36b53535ee3",,"SSA: Prednisona de 50 mg, tableta, envase con 20 tabletas. - 20 tabletas","CIEL:82453",
"80d7a7d4-a744-4639-be4b-08f91481fb3d",,"SSA: Primaquina, fosfato de de 15 mg, tableta, envase con 20 tabletas. - 20 tabletas","CIEL:82521",
"a0eb193d-87ff-432d-8451-28ab2072bd21",,"SSA: Primaquina, fosfato de de 5 mg, tableta, envase con 20 tabletas. - 20 tabletas","CIEL:82521",
"cf01ee33-84c0-4bbb-a403-7b573dbb3619",,"SSA: Propranolol, clorhidrato de de 10 mg, tableta, envase con 30 tabletas. - 30 tabletas","CIEL:82734",
"0d4ba129-ebc6-462a-b148-7a16769d27ab",,"SSA: Propranolol, clorhidrato de de 40 mg, tableta, envase con 30 tabletas. - 30 tabletas","CIEL:82734",
"d18378ce-a889-4fc2-b936-8d425eb0f2b6",,"SSA: Quinfamida tableta 300 mg - envase con 1 tableta","CIEL:83014",
"b0029d51-aa4b-493c-9046-84c8d1cd7770",,"SSA: Ranitidina, clorhidrato de de 150 mg, gragea o tableta, envase con 20 grageas o tabletas. - 20 grageas o tabletas","PIH:923",
"15bf9ef2-b281-4dd0-b85c-8780c28716e3",,"SSA: Ranitidina, clorhidrato de de 150 mg/10 ml, jarabe, envase con 200 ml. - envase 200 ml","PIH:923",
"e019c3c1-7bb8-49c3-b3f4-01114cd6d385",,"SSA: Rifampicina de 100 mg / 5 ml, suspensión oral, envase con 120 ml y dosificador. - envase con 120 ml","CIEL:767",
"00214bc3-6a5a-4971-b637-c13266e5616a",,"SSA: Rifampicina de 300 mg, cápsula, comprimido o tableta recubierta, envase con 1000 cápsulas, comprimidos o tabletas recubiertas. - 1 000 cápsulas o comprimidos o ","CIEL:767",
"a131deab-b07b-4e99-9248-4f90eb39764a",,"SSA: Salbutamol ó sulfato de salbutamol de 2 mg/5 ml, jarabe, envase con 60 ml. - envase con 60 ml","PIH:798",
"8a5e193e-eaa2-448f-b8f2-ee7656d0918b",,"SSA: Salbutamol ó sulfato de salbutamol de 20 mg, suspensión en aerosol, envase con inhalador con 200 dosis de 100 µg. - envase con inhalador con 200 dosis de100 mic","PIH:798",
"f5fbd15b-ccd1-48d6-95c1-8e85f22d1d90",,"SSA: Senósidos a-b de concentrado de sen desecados 187 mg (normalizado a 8.6 mg), tableta, envase con 20 tabletas. - 20 tabletas","CIEL:83809",
"e936dcdf-e81b-456c-bed1-4f96e3baeb2f",,"SSA: Senósidos a-b de concentrado de sen equivalente a 200 mg/100 ml, solución oral, envase con 75 ml. - envase con 75 ml","CIEL:83809",
"fd4f024d-31f8-4412-858d-bd5f7a3a8b79",,"SSA: Sucedáneo de leche humana de término de kcal 509-528/100g, lípidos 25.80-28.90/100g, proteínas 9.50-12.0/100g, hidrato de carbono 55.20-57.90/100g, polvo, envas","CIEL:5254",
"2c2d9809-f8d0-4ad6-8d58-d46c2de49f5b",,"SSA: Sulfacetamida sódica de 0.1 g/ml, solución oftálmica, envase con gotero integral con 15 ml. - gotero integral con 15 ml","CIEL:84454",
"47387951-658e-4fed-823b-dedbed1263d2",,"SSA: Sulfato ferroso desecado de cada tableta contiene: sulfato ferroso desecado aproximadamente 200 mg equivalente a 60.27 mg de hierro elemental, tableta, envase c","CIEL:76342",
"2a2c13d3-bc88-40fd-ae58-b41f987ff22f",,"SSA: Sulfato ferroso heptahidratado de 125 mg / ml, equivalente a 25 mg/ml de hierro elemental, solución, envase gotero con 15 ml. - envase gotero con 15 ml","PIH:256",
"abe21a9d-e871-4bf3-b6a4-060a48510e5d",,"SSA: Telmisartán - hidroclorotiazida de 80.0 mg/12.5 mg, tableta, envase con 14 tabletas. - envase con 14 tabletas.","CIEL:104843",
"218f2c60-3613-4a90-a5db-a3476e52e306",,"SSA: Teofilina anhidra de 100 mg., comprimido ó tableta o cápsula de liberación prolongada, envase con 20 comprimidos o tabletas o cápsulas de liberación prolongada.","CIEL:84950",
"a192e1db-e237-4f90-8f85-5157474662b9",,"SSA: Teofilina anhidra de 533 mg/100 ml, elíxir, envase con 450 ml y dosificador. - envase con 450 ml","CIEL:84950",
"a63d7e79-3b0c-46ee-ab33-aef0f75dbfc0",,"SSA: Terbutalina, sulfato de de 5 mg, tableta, envase con 20 tabletas. - 20 tabletas","CIEL:84826",
"e59d3e18-403e-426e-ad18-2cbbf9099028",,"SSA: Tetraciclina, clorhidrato de de 250 mg, tableta o cápsula, envase con 10 tabletas o cápsulas. - 10 tabletas o cápsulas","CIEL:84893",
"9780f15c-dc4d-4ba5-a4c3-4d06c42dc053",,"SSA: Tiotropio monohidratado, bromuro de de 18 µg, cápsula, envase con 30 cápsulas (repuesto). - envase con 30 cápsulas (repuesto).","CIEL:85157",
"c4e83360-9a5f-4642-9ab9-f5d2311e9fc9",,"SSA: Tiotropio monohidratado, bromuro de de 18 µg, cápsula, envase con 30 cápsulas y dispositivo inhalador. - envase con 30 cápsulas y dispositivo inhalador.","CIEL:85157",
"e198149f-4507-4f94-a33d-ecc85392d00a",,"SSA: Trimetoprima - sulfametoxazol de 40 mg/200 mg/5 ml, suspensión oral, envase con 120 ml y dosificador. - envase con 120 ml","CIEL:105281",
"1c66049e-0ab0-4c43-9c09-5bc4ab0a955a",,"SSA: Trimetoprima - sulfametoxazol de 80 mg/400 mg, comprimido o tableta, envase con 20 comprimidos o tabletas. - 20 tabletas o comprimidos","CIEL:105281",
"2f8abbb6-97f1-415b-b2ed-5b9403dc6f72",,"SSA: Trinitrato de glicerilo de 0.8 mg, cápsula o tableta masticable, envase con 24 cápsulas o tabletas masticables. - 24 cápsulas o tabletas","CIEL:80704",
"3c5041d3-87cb-4b7c-8780-3ffae18d80b0",,"SSA: Valproato semisódico (ácido valproico) de 500 mg, tableta de liberación prolongada, envase con 30 tabletas de liberación prolongada. - 30 tabletas","CIEL:84114",
"23caf27e-5ae8-4b97-94c3-75478c9fbd91",,"SSA: Vitamina e gragea o cápsula de gelatina 400 mg - envase con 99 ó 100 grageas o capsulas","CIEL:86347",
"05357cf0-092f-4757-a6ab-53a16540b8ed",,"SSA: Vitaminas (polivitaminas) y minerales de vitamina b1, b2, b6, b12, niacinamida, e, a, d3, ácido pantoténico, sulfato ferroso, cobre, magnesio, zinc, tableta, cá","PIH:461",
"cc486abb-8e22-47ef-b94c-38b61ede9a47",,"SSA: Vitaminas a, c y d de palmitato de retinol 7000 a 9000 ui, ácido ascórbico 80 a 125 mg, colecalciferol 1400 a 1800 ui/ml., solución, envase con 15 ml. - envase ","PIH:461",
"72e5bc59-6d8a-4022-a8c3-06bc1d9ee430",,"SSA: Zinc y fenilefrina solución oftálmica 2.5 mg/1.2 mg/ ml - envase con gotero integral con 15 ml.","CIEL:105169",
