UUID,Nav code,Nom du Produit,Concept mapping,"Dosage Form (Tablet, etc)"
2033cc3e-179e-41ab-b8e4-3de9fcc5b6c9,11627,"Acetazolamide, 250mg tablet",PIH:4031,
ec08318d-5255-467e-847c-738eff37b3d5,10629,"Acetylcysteine, Solution for injection, 200mg/mL, 10mL ampoule",CIEL:70148,
8d5941e8-5f86-4289-a6ba-122320814bd5,10194,"Acetylsalicylic acid, 100mg tablet",PIH:88,
0962492b-295e-4f61-8d7b-717a61f43997,11059,"Aciclovir, 200mg tablet",CIEL:70245,
f1403640-6911-4758-bbdb-183329c65708,10333,"Aciclovir, Eye ointment, 3%, 4.5 gram tube",CIEL:70245,
a7da6ae3-8038-47ad-962b-1a6eedc0c76c,11429,"Adenosine, Solution for injection, 3mg/mL, 2mL ampoule",CIEL:70272,
0b1cc49f-60cc-4370-8bad-1557e7bd333d,11804,"Adrenaline, Solution for injection, 100 microgram/mL (1:10,000), 10mL prefilled syringe",PIH:4032,
d76a4455-bcf0-48b0-b34e-55e1c1b09d37,11323,"Adrenaline, Solution for injection, 1mg/mL (1:1,000), 1mL ampoule",PIH:4032,
af52a21e-0081-459e-8aeb-611330790985,10369,"Albendazole, 200mg chewable tablet",PIH:941,
97069383-765b-4161-bbf7-4fac1922f63d,10653,"Albendazole, Oral suspension, 40mg/mL, 10mL bottle",PIH:941,
8112cd30-ae2a-11e4-ab27-0800200c9a66,10625,"Albendazole, 400mg chewable tablet",PIH:941,
1f83d00b-2241-450f-b114-1897e4134cc6,10320,"Amiodarone hydrochloride, Solution for injection, 50mg/mL, 3mL vial",CIEL:71118,
5edb194a-70bf-4fbf-b2ca-4dce586af7f3,11109,"Amitriptyline hydrochloride, 25mg coated tablet",PIH:931,
6620289c-cc66-4892-9b2d-ecc40c746945,10667,"Amlodipine besylate, 5mg tablet",CIEL:71138,
1f7c1ff6-9dff-4ce3-9f56-d7da12513869,11342,"Amoxicillin, Powder for oral suspension, 125mg/5mL, 100mL bottle",PIH:265,
5c2ffaf4-0a6e-462b-9d0c-a2c3fa25b556,10284,"Amoxicillin 500mg + clavulanic acid 125mg tablet",PIH:450,
3f10d8a7-0b83-45f5-8f5c-efe638d1f88c,11659,"Amoxicillin, Powder for oral suspension, 250mg/5mL, 100mL bottle",PIH:265,
1491ae88-f38c-4a8c-94d5-f8385eb3b9d9,11794,"Amoxicillin, 500mg tablet",PIH:265,
826577ea-9cff-48de-91fb-4e4a23c65b8e,11465,"Amphotericin B, Conventional, Power for injection, 50mg vial",CIEL:71184,
0c29702a-9224-465d-8ec1-e45b8f56fbed,10583,"Ampicillin, Powder for solution for injection, 1 gram vial",PIH:269,
73813726-3e82-4230-87dd-25dc963579b6,10278,"Haemorrhoid relief, Rectal ointment, 30 gram tube",CIEL:162167,
62da0cff-cf75-4227-93e2-6f80182c5bf0,10610,"Serum (Equine), Anti-Rabies, 200 IU/mL, 5mL vial",CIEL:162139,
24e44864-7ab3-4919-8e75-004b838ae06c,10205,"Vaccine, Rabies, on vero cells, monodose vial, with diluent",PIH:413,
2f8d7a99-d4ec-4ad7-b898-1c953cb332fd,10993,"Atenolol, 50mg tablet",PIH:3186,
adc9c526-3461-46b1-8750-89553dc3baf1,10781,"Atropine sulfate, Solution for injection, 1mg/mL, 1mL ampoule",PIH:4033,
f0c69cf7-62a4-4571-be0b-531d966239d8,10363,"Atropine sulfate, Eye drop, 1%, 10mL bottle",PIH:4033,
a40da2e0-c981-11e7-abc4-cec278b6b50a,11579,"Azithromycin, 500mg tablet",PIH:735,
d743d032-ae8e-48bb-918f-774b1792668c,13143,"Azithromycin, 250mg tablet",PIH:735,
c4fb8c0b-bd27-4276-ad86-3c25daa3978a,11767,"Bacitracin 500 IU/gram + Neomycin sulfate 0.5% (eq. 0.35% base), Skin ointment, 15 gram tube",CIEL:162168,
3217694e-7c0f-4ec9-8e2d-8b6fcbcbe256,10831,"Baclofen, 10mg tablet",CIEL:71815,
a9d56315-5c8d-4442-83ed-563ef2fa3171,12276,"Beclomethasone, Solution for inhalation, 250 microgram/actuation, 200 dose metered dose inhaler",PIH:1240,
0dfc00d1-394a-4dd4-9a56-8b00513fce21,10754,"Beclomethasone, Solution for inhalation, 50 microgram/actuation, 200 dose metered dose inhaler",PIH:1240,
ab912f78-2112-4e87-aca7-1ded71e8a04b,11196,"Benzathine benzylpenicillin, Powder for solution for injection, 2.4 MIU vial",PIH:4034,
289d9476-1bcc-4250-a04e-934c1b212119,11760,"Benzoic acid 6% + Salicylic acid 3%, Skin ointment, 40 gram tube",CIEL:72050,
a40d93b8-c981-11e7-abc4-cec278b6b50a,10113,"Benzyl peroxide, Skin gel, 5%, 30 gram tube",CIEL:72063,
922bfb9f-3db1-45b3-92b1-d1218b49eedd,10793,"Benzylbenzoate, Skin lotion, 25%, 1000mL bottle",PIH:409,
2896a1ad-f576-4073-875e-835d40d70548,10107,"Benzylpenicillin (Penicillin G), Powder for solution for injection, 5 MIU vial",PIH:4034,
59ce106d-d9a9-4366-abff-97abb6ff8f9a,11757,"Bisacodyl, 5mg enteric coated tablet",PIH:4042,
e98c7df0-95a5-11e8-9eb6-529269fb1459,11103,"Bleomycin, Powder for solution for injection/infusion, 15,000 IU (15mg) vial",CIEL:72263,
d01b0560-e426-49ca-a542-6cdf1a5b9135,11056,"Bupivacaine hydrochloride 0.5% (5mg/mL) + Adrenaline 1:200,000, Solution for injection, 20mL vial",CIEL:72506,
092e5c8f-3a7d-4c2a-8e26-71496e6f47e0,10208,"Bupivacaine hydrochloride, Hyperbaric/spinal solution for injection, 0.5% (5mg/mL), 4mL ampoule",CIEL:72506,
f093f9ed-e182-4430-944a-65eb5999d79a,11154,"Bupivacaine hydrochloride, Solution for injection, 0.5% (5mg/mL), 20mL vial",CIEL:72506,
158b9030-4472-11e6-beb8-9e71128cae77,11752,"Calamine, Skin lotion, 15%, 100mL bottle",PIH:493,
78a5211c-c325-4602-90e0-fcf5a0101a9e,10362,"Calcium gluconate, Solution for injection, 100mg/mL (10%), 10mL ampoule",PIH:4035,
7134a5ba-2033-4833-a1ac-d256fd005932,11405,"Captopril, 25mg tablet",PIH:3182,
29c41917-38b4-492b-8181-0945c171a72d,10651,"Carbamazepine, Oral suspension, 20mg/mL, 150mL bottle",PIH:920,
e371d811-d32c-4f6e-8493-2fa667b7b44c,11634,"Carbamazepine, 200mg film coated tablet",PIH:920,
ed2ebd08-2f59-4f74-80ad-d69d123035ee,11267,"Carbidopa 25mg + Levodopa 250mg tablet",PIH:4049,
c3ec9be0-91d4-11e8-9eb6-529269fb1459,10547,"Carboplatin, Solution for intravenous infusion, 10mg/mL, 45mL vial",CIEL:72876,
d809f82b-7612-4da2-b075-531f586bdd7c,11158,"Carvedilol, 12.5mg tablet",PIH:3185,
e0d969cc-729a-4e17-90bf-7083d96cf13e,11816,"Cefalexin, Powder for oral suspension, 25mg/mL, 100mL bottle",CIEL:73087,
4c908591-3adf-4601-b61c-4faddffbee56,10167,"Cefalexin, 500mg capsule",CIEL:73087,
6892e662-7300-4604-8354-890131ab0e65,10192,"Cefazolin, Powder for solution for injection, 1 gram vial",CIEL:72998,
fd576d2f-1472-47d8-b925-3cebeb5b1c44,10083,"Cefixime, 400mg film coated tablet",PIH:963,
2a127ae1-6d01-4497-8a61-d392cdd26f2e,10860,"Cefotaxime sodium, Powder for solution for injection, 1 gram vial",CIEL:73019,
b697554f-491b-4ad4-a259-bb2f4f1d16a3,10983,"Ceftriaxone, Powder for solution for injection, 1 gram vial",PIH:496,
38562c47-96f5-4092-a552-d47cb84ebaaf,11278,"Ceftriaxone, Powder for solution for injection, 250mg vial",PIH:496,
199bd4a3-b4ab-4bcc-bb1d-52d4e270bf71,11541,"Cetirizine hydrochloride, 10mg tablet",CIEL:73137,
cab79287-0da2-4168-947a-4946be6bb2fb,10092,"Charcoal, Activated, Granules for oral suspension, 50 gram bottle",PIH:2938,
57e41df2-d64c-4316-a4e4-35613bd36a35,11696,"Chloramphenicol sodium succinate, Powder for solution for injection, 1 gram vial",CIEL:73241,
d8283445-07f9-4af6-ac73-ffe4818a66b5,10613,"Chloramphenicol, Eye ointment, 1%, 5 gram tube",PIH:266,
203e9c50-ff86-44f7-8725-b8c5c475bd23,10910,"Chloramphenicol, Oral suspension, 25mg/mL, 100mL bottle",PIH:266,
a94cfca9-e230-4909-af46-106ef5034cac,10796,"Chloramphenicol, 250mg capsule",PIH:266,
e5d2f383-45c1-48be-92ef-19ca79da5240,10383,"Chlorhexidine gluconate 20%, 5 liter can",CIEL:73265,
a0b5fc86-543f-4162-93a7-8936a565a172,10301,"Chloroquine, 150mg base (242mg phosphate) tablet",PIH:98,
435e052b-fbc9-4a7d-ab29-e5201462e4a1,11253,"Chloroquine phosphate, Oral solution, 10mg base/mL, 60mL bottle",PIH:98,
6a2a96d1-c01f-48d3-b3b9-2741bce4e064,10438,"Chlorpromazine hydrochloride, 25mg film coated tablet",CIEL:73331,
a40d8f4e-c981-11e7-abc4-cec278b6b50a,10784,"Ciclopirox olamine, Skin lotion, 1%, 30mL bottle",CIEL:73407,
5ab732e1-b43a-4355-b65d-619bd7526ee1,11315,"Cimetidine, Solution for injection, 100mg/mL, 2mL ampoule",PIH:2293,
ef96f590-2cc3-469e-9b82-072fef563b9e,10385,"Cimetidine, 200mg tablet",PIH:2293,
2a885fd0-f8c9-43fb-883b-fe25d5769338,10346,"Ciprofloxacin, 500mg film coated tablet",PIH:740,
a6dcd1f5-b2c8-4d11-880a-2354130d3494,11765,"Clarithromycin, 500mg tablet",PIH:2459,
607395f4-e734-44a2-82d1-08784abfebe6,11306,"Clindamycin hydrochloride, 150mg capsule",CIEL:73547,
4b59080e-1a52-42b0-b996-6903faf0c1e4,10059,"Clindamycin phosphate, Solution for injection, 150mg/mL, 4mL ampoule",CIEL:73550,
a40d92c8-c981-11e7-abc4-cec278b6b50a,10426,"Clobestol propionate, Skin cream, 0.05%, 30 gram tube",CIEL:73565,
8d7c8333-43f2-4e81-9923-14cdd790dcc3,11768,"Clopidogrel, 75mg film coated tablet",CIEL:73602,
a40d91ba-c981-11e7-abc4-cec278b6b50a,11745,"Clotrimazole, Skin and Ear solution, 1%, 20mL bottle",PIH:960,
5e11cd96-3277-4a74-968e-1aa3d3312e6c,11811,"Clotrimazole, Skin cream, 1%, 20 gram tube",PIH:960,
b3bd154a-2f64-451a-bde4-f38be72b72ce,11779,"Clotrimazole, 500mg vaginal tablet with applicator",PIH:960,
17363524-1c69-443b-98a0-7bf538c05ff5,10127,"Cloxacillin, Powder for oral suspension, 125mg/5mL, 100mL bottle",PIH:922,
6280e6c2-03e7-4d79-aede-bc61ceaf4185,10279,"Cloxacillin, 500mg capsule",PIH:922,
5ec5ec2a-8641-4254-a2fb-157517e7f86e,10532,"Codeine phosphate, 15mg tablet",CIEL:73671,
250a2188-e405-4e71-8e4a-14e7b858047f,10670,"Codeine phosphate, Oral solution, 2.5mg/5mL, 100mL bottle",CIEL:73671,
5a5446a5-3d3f-4ca2-891c-418a229b20b1,10792,"Codeine phosphate, 30mg tablet",CIEL:73671,
f75e1e95-b1be-11e3-a5e2-0800200c9a66,11853,"Intra uterine device (I.U.D.), Copper, TCU 380 A",PIH:5275,
b3910fb7-2b17-44e6-8a52-8543af46c935,10131,"Cotrimoxazole (Sulfamethoxazole/Trimethoprim), Oral suspension, 40mg/mL + 8mg/mL, 100mL bottle",PIH:916,
85153088-b868-4723-aacd-27f25f121685,11774,"Cotrimoxazole (Sulfamethoazxole/Trimethoprim), 800mg/160mg tablet",PIH:916,
7f6185cd-e9b7-43ab-bb52-45e238d95e14,11594,"Cotrimoxazole (Sulfamethoxazole/Trimethoprim), Solution for injection, 80mg/mL + 16mg/mL, 5mL amp",PIH:916,
c3eca09a-91d4-11e8-9eb6-529269fb1459,10559,"Cyclophosphamide, Powder for solution for injection/infusion, 1000mg vial",CIEL:74120,
1156a9ca-14f3-4c57-9ed2-7154e82447c7,10890,"Dapsone, 100mg tablet",PIH:92,
4e7b6ee2-006e-4ff8-b58a-074c3c326ef7,11761,"Dexamethasone 0.1% + Polymyxin B 1% + Neomycin sulfate 1%, Ear drop, 10.5mL bottle",CIEL:104425,
abc4ad79-bf56-46e3-b945-0762e0d3d491,10231,"Dexamethasone sodium phosphate, Eye drop, 0.1%, 5mL bottle",PIH:4036,
c08f2263-d176-4815-910f-d4d030bb5c40,11083,"Dexamethasone sodium phosphate, Solution for injection, 4mg/mL, 1mL ampoule",PIH:4036,
399834b1-b44b-11e3-a5e2-0800200c9a66,12208,"Dexamethasone, 4mg tablet",PIH:6850,
399834b2-b44b-11e3-a5e2-0800200c9a66,11255,"Dexamethasone, 8mg tablet",PIH:6850,
4b309e2d-efcc-43a4-a5db-28e0c8513934,11125,"Dextran 70 0.1% + hypromellose 0.3%, Eye drop, 15mL bottle",CIEL:104442,
13fd31e5-00eb-4220-98d0-df1e125f530a,10444,"Dextrose 5% in Sodium chloride 0.45%, Intravenous infusion, 500mL flex bag",PIH:7898,
54050882-524f-46c2-b898-d514ee633ab0,10737,"Dextrose, 5% Intravenous infusion, 1000mL plastic bottle, PVC free",CIEL:161250,
0a0cb95a-9510-11e8-9eb6-529269fb1459,10423,"Dextrose, 5% Intravenous infusion, 250mL flex bag with additive port",CIEL:161250,
8e8d17f2-f8e0-43c4-91dc-2d22260550d1,11553,"Dextrose 5%, Intravenous infusion, 500mL nipple head bottle",CIEL:161250,
5cda4d49-d70f-4b0c-a61e-a2a6df7705a5,10129,"Dextrose, 10% Intravenous infusion, 500mL bag",PIH:4037,
47fe9a1e-3cae-41f6-a8f4-e8013e5fd802,10599,"Dextrose, Hypertonic solution for injection, 50% (500mg/mL), 50mL vial",PIH:4037,
39d7a7ee-b0ff-48e0-a7ca-685688147c8f,10873,"Diazepam, 5mg tablet",PIH:247,
923e3e90-8b5c-4ae6-b17f-b6d547803437,10664,"Diazepam, Solution for injection, 5mg/mL, 2mL vial",PIH:247,
b5f01af3-b4c0-45f6-bbd7-aa2e9e846987,10854,"Diclofenac sodium, Solution for injection, 25mg/mL, 1mL ampoule",CIEL:74782,
e44e484e-90ec-41ca-aec1-e3190d7be626,10574,"Digoxin, 250 microgram tablet",PIH:3488,
cf38a1ec-9bf0-4760-8329-af3b6374be64,10937,"Digoxin, Solution for injection, 250 microgram/mL, 2mL ampoule",PIH:3488,
858cdd08-c183-4358-9e26-593e83b86320,10197,"Digoxin, Oral Solution, 50 microgram/mL, 60mL bottle",PIH:3488,
45cb0387-7f75-4868-b750-1eada15f0ce7,10538,"Diltiazem hydrochloride, Solution for injection, 5mg/mL, 1mL ampoule",CIEL:74921,
81694757-3336-4195-ac6b-ea574b9b8597,11758,"Diphenhydramine hydrochloride, 25mg tablet",CIEL:75018,
b476d417-800f-4e2e-89ec-09de8fd07607,10141,"Diphenhydramine hydrochloride, Solution for injection, 50mg/mL, 1mL ampoule",CIEL:75018,
1b07efc5-1292-4a47-8f5d-390716e946ef,10409,"Docusate sodium, 50mg tablet",CIEL:75121,
06ed8ebd-91ba-4a4b-9355-73ee6499f845,11497,"Dopamine hydrochloride, Solution for injection, 40mg/mL, 5mL ampoule",CIEL:75178,
c3ecc0a2-91d4-11e8-9eb6-529269fb1459,11443,"Doxorubicin hydrochloride, Solution for injection, 2mg/mL, 25mL vial",CIEL:75216,
8aad2a23-2977-4b5b-a30a-4a9142ce774b,11089,"Doxycycline, 100mg tablet",PIH:95,
4efe3f48-2656-4178-bfcd-c6d103851084,11095,"Enalapril maleate, 5mg tablet",CIEL:75634,
c4dacfd7-2599-4bde-9425-dfddb9b8a4ae,11611,"Enoxaparin, Solution for injection, 10,000 IU (100mg/mL), 1mL pre-filled syringe",PIH:7438,
c155593e-12f3-42aa-a592-25a1cad7bbb7,10561,"Ephedrine hydrochloride, Solution for injection, 30mg/mL, 1mL ampoule",CIEL:75722,
82f4f009-d17b-44c9-b42b-0e080fda0572,10149,"Ergometrine maleate, 500 microgram, tablet",CIEL:75801,
1ff620f2-f9c7-4fcd-8a52-6f02b1167563,11272,"Erythromycin, Powder for oral suspension, 125mg/5mL, 100mL bottle",PIH:272,
b3df9e4b-3cd0-4412-a250-4c4e6783d3c2,11356,"Erythromycin, 500mg film coated tablet",CIEL:75847,
638d29ff-96fa-4f6e-8d23-0c92f43d5d1a,11866,"Ethambutol (E), 100mg tablet",PIH:745,
bd159878-7a33-405b-ad0b-6d6ddbf99ddd,11849,"Ethambutol (E), 400mg tablet",PIH:745,
0fd43a17-122e-45fe-9cda-35414bcfff52,11841,"Etomidate, Solution for injection, 2mg/mL, 10mL ampoule",CIEL:76021,
6f54bcac-4ccd-491c-9ecc-8ca796e791c2,10957,"Fentanyl citrate, Solution for injection, 50 microgram/mL, 2mL ampoule",CIEL:76273,
0b433dae-5df2-400e-b558-8e9e8cf8417e,10850,"Fentanyl, 25 microgram/hour, 72 hour transdermal patch",CIEL:76272,
33ec6eca-1f62-4ebc-acea-f5524c2b4f40,10713,"Ferrous sulfate 200mg + folic acid 250 microgram tablet",PIH:773,
f5636dce-c682-48c0-8ffb-2db9a3a790d8,11331,"Ferrous sulfate, Oral solution, 40mg (8mg Fe)/mL, 100mL bottle",PIH:256,
74f565ce-c515-41b2-bbd4-29fc6416231b,11397,"Fluconazole, 200mg capsule",PIH:747,
cf0037b9-f5a9-4f39-a287-a3e09f02557b,10711,"Fluconazole, Powder for oral suspension, 10mg/mL, 35mL bottle",PIH:747,
a26f9777-4972-46aa-9072-9fddabc2e688,10478,"Flumazenil, Solution for injection, 100 microgram/mL, 5mL ampoule",CIEL:76500,
c3eccca0-91d4-11e8-9eb6-529269fb1459,10592,"Fluorouracil, Solution for injection, 50mg/mL, 10mL vial",CIEL:76550,
7f7178bd-a1f8-44dd-85a9-02e49065e56b,11473,"Fluoxetine hydrochloride, 20mg scored tablet",CIEL:76553,
6241e56b-ec9c-4c5b-a79c-1ce6481b1acb,10370,"Folic acid, 5mg tablet",PIH:257,
2e454fbe-99f4-491f-9a89-9107c3293974,11383,"Furosemide, Solution for injection, 10mg/mL, 2mL ampoule",PIH:99,
fb5842a2-60ef-4539-b428-f99a1f76c85f,10892,"Furosemide, 40mg tablet",PIH:99,
214f8c89-0476-403c-a45e-e725a241394b,10375,"Furosemide, Oral solution, 10mg/mL, 150mL bottle",PIH:99,
86fa52bf-704d-4a0f-9b45-320740bc4098,10585,"Gabapentin, 100mg capsule",CIEL:76750,
009b94f2-6c53-471c-aa7a-38d05257d71c,11799,"Gabapentin, 400mg capsule",CIEL:76750,
ca4a470d-2b7f-4ff9-b543-6c59d579d6c5,10104,"Plasma substitute, Gelatin 4%, 500mL bottle",CIEL:84388,
a9330ce0-7369-41ea-98c7-1cda24a2afa2,11460,"Gentamicin sulfate, Eye and Ear drop, 0.3%, 10mL bottle",CIEL:76942,
b09cd1eb-b44d-40ca-af48-49c373c408ea,10120,"Gentamicin, Solution for injection, 40mg/mL, 2mL ampoule",PIH:100,
480fc7de-cf17-489e-9182-5e315ed93b0c,10634,"Gentian violet, Powder to be dissolved, 25 gram container",PIH:323,
5c21704a-6268-4854-845d-55c573bed967,10933,"Glibenclamide, 5mg tablet",PIH:4046,
0435c900-6608-4bab-b136-0271adcaa719,11631,"Glucagon hydrochloride, Powder for solution for injection, 1mg prefilled syringe with solvent",CIEL:77039,
f63fdda4-6a47-4cd0-9a51-7a5404b65997,11390,"Glutaraldehyde, 2% + activator, 5 liter can (1.3 gallon)",CIEL:77064,
81f45c51-9561-4e89-bf45-ceced109da05,10749,"Glycerin, 2 gram rectal suppository",CIEL:77073,
a3a42b6c-d1cd-4f40-9d58-998eb4ecc8b3,10124,"Glycopyrronium bromide, Solution for injection, 200 microgram/mL, 3mL ampoule",CIEL:77083,
99dd299c-6b7a-4b41-a705-823ca4396107,11512,"Griseofulvin, 125mg tablet",PIH:3679,
280353a2-3da7-480b-ab58-03dcd401d3ff,10049,"Griseofulvin, 500mg tablet",PIH:3679,
c1f95407-9517-4eb5-af8d-d633293f4793,10838,"Haloperidol, 1mg tablet",PIH:4047,
23f2d94b-3072-4e86-b737-d5ccded81bc0,11724,"Haloperidol, 5mg tablet",PIH:4047,
a8541367-1eb0-4144-9cc7-41a909902d5d,10392,"Haloperidol, Solution for injection, 5mg/mL, 1mL ampoule",PIH:4047,
f7d73b6b-1248-483b-b334-8f0510ed46bb,11334,"Heparin sodium, Solution for injection, 5,000 IU/mL, 1mL vial",CIEL:77414,
096dae85-9eee-466b-b059-9f5dd13af242,11190,"Hydralazine hydrochloride, Solution for injection, 20mg/mL, 1mL ampoule",CIEL:77676,
2ff6dfce-cd7e-4a1c-9916-f398c4aaec1f,10373,"Hydralazine hydrochloride, 25mg tablet",CIEL:77676,
ce857097-f7a1-4178-b018-a8067a5710d1,10579,"Hydrochlorothiazide (HCT), 25mg tablet",PIH:1243,
a811008f-05fd-4f30-b50c-4d3636472db5,11632,"Hydrocortisone acetate, Skin cream, 1%, 15 gram tube",CIEL:77719,
68f687c0-2875-4934-a060-825be42943e2,11136,"Hydrogen peroxide, 3%, 500mL bottle",PIH:313,
0f0b85a4-b06b-484e-8213-3fe38279e3ad,10724,"Hydroxycarbamide, 500mg capsule",PIH:7658,
74583b5e-80ec-4413-96b4-67907c98e443,10645,"Hyoscine butylbromide, 1.5mg (1mg/72hours) transdermal patch",PIH:431,
8f2d1a7e-4ddb-4805-bf7e-1fb765592124,11380,"Hyoscine butylbromide, 10mg film coated tablet",PIH:431,
9cfb1288-2db4-4ca6-b3f8-da4d85058e42,10739,"Hyoscine butylbromide, Solution for injection, 20mg/mL, 1mL ampoule",PIH:431,
49f646b5-c9a3-47e7-9fc2-bb187673b838,10534,"Ibuprofen, Oral solution, 20mg/mL, 100mL bottle",PIH:912,
36e09631-e6d8-41c9-92d2-c945750a39b9,10282,"Ibuprofen, 400mg tablet",PIH:912,
399834b0-b44b-11e3-a5e2-0800200c9a66,10967,"Imatinib, 400mg film coated tablet",PIH:7659,
05868029-c96e-49c1-90b8-a35f8a4059c5,10762,"Imiquimod, Skin cream, 5%, 500mg sachet",CIEL:77956,
77077171-df0f-43c8-9a6b-245914fc143b,10290,"Insulin, Solution for injection, Neutral human, 70/30 (Mixtard), 100IU/mL, 10mL vial",PIH:6746,
def06cd2-c046-4afc-9a49-475d3481cbcf,11265,"Insulin, Solution for injection, Neutral human, Regular (Rapid-Acting), 100IU/mL, 10mL vial",CIEL:78082,
568b5484-1f52-424a-a45d-3f1c9e0d92d6,10442,"Insulin, Solution for injection, Neutral human, NPH (Lente/Isophane), 100IU/mL, 10mL vial",CIEL:78068,
433be56e-469b-4d38-a91c-1a1937e086b7,10911,"Iodized oil, 200mg capsule",CIEL:75974,
8b6830f5-8807-4be1-9062-37388a737a0c,11198,"Ipratropium bromide, Solution for nebulisation, 250 microgram/mL, 2mL ampoule",CIEL:78200,
f540ba7b-160f-46d2-97f6-104e2a5f5655,11637,"Iron dextran, Solution for injection, 50mg/mL (5%), 2mL ampoule",CIEL:78230,
35f29edc-d591-43ea-a16f-cbd998ec7807,10340,"Isoflurane, Inhalation liquid, 250mL bottle",CIEL:78258,
e47fa273-0c52-4f0f-b57b-34001a3e9677,11091,"Isoniazid (H), 100mg tablet",PIH:656,
849218ee-901c-46b3-80f9-7c808132893b,11115,"Isoniazid (H), 300mg tablet",PIH:656,
95518896-df94-4e7d-b233-cc5af823975a,10262,"Isosorbide dinitrate, 20mg extended release tablet",PIH:3428,
6a210d68-871e-4f44-8dc4-e92ff69da458,10350,"Isosorbide dinitrate, 5mg tablet",PIH:3428,
e2ea0ba6-5069-4cc5-a50e-472f992c1707,10615,"Ketamine hydrochloride, Solution for injection, 50mg/mL, 10mL vial",CIEL:78468,
158b8612-4472-11e6-beb8-9e71128cae77,10464,"Ketoconazole, Scalp and hair shampoo, 20mg/mL (2%), 60mL bottle",PIH:926,
158b8982-4472-11e6-beb8-9e71128cae77,10441,"Ketoconazole, Skin cream, 2%, 15 gram tube",PIH:926,
2c151c1a-5159-4181-aed4-450bb562d2d0,10293,"Labetalol, Solution for injection, 5mg/mL, 20mL vial",CIEL:78599,
aa455dc6-7e45-4859-82e6-4392407b2dc2,10327,"Lactulose, Oral solution, 0.67g/mL, 500mL bottle",CIEL:78632,
93b4e35a-d986-11e5-b5d2-0a1d41d68578,10763,"Letrozole, 2.5mg tablet",CIEL:78738,
c3ecd178-91d4-11e8-9eb6-529269fb1459,10941,"Calcium folinate, Solution for injection, 10mg/mL, 5mL vial",CIEL:78742,
a275302c-b767-4d1a-96c0-e8350a968060,12690,"Levonorgestrel, 30 microgram tablet",PIH:1718,
3ca1fb3f-02e6-465d-86d9-b016ee30207b,10876,"Levonorgestrel, 750 microgram tablet",PIH:1718,
f1bb371a-c172-4bd1-b734-a36c801697df,11339,"Levonorgestrel 150 microgram + Ethinylestradiol 30 microgram + Ferrous fumarate 75mg, tablet",CIEL:162296,
1af24d20-29f7-45da-88ec-f5cd2458d6e9,11623,"Levothyroxine sodium, 100 microgram tablet",CIEL:78809,
e87f6cb0-de6f-4658-9ba1-246b8f9b79fa,11417,"Lidocaine hydrochloride, Preservative free solution for injection, 1% (10mg/mL), 20mL vial",CIEL:78850,
6671d643-75f9-44bc-9f3a-ddddd0c1eed5,10832,"Lidocaine hydrochloride 1% + Adrenaline 1:200,000, 20mL vial",CIEL:104584,
56dbb380-9584-4c21-9652-a2f43cbc3f33,11624,"Lidocaine hydrochloride, Topical gel, 2% (20mg/gram), 30g tube",CIEL:78850,
a40d9fca-c981-11e7-abc4-cec278b6b50a,10029,"Lidocaine 2.5% (25mg/gram) + Prilocaine 2.5% (25mg/gram), Skin cream, 30 gram tube (EMLA)",CIEL:104983,
4534a926-8dc4-440b-bdf9-f9e96d282a28,10053,"Lisinopril, 20mg tablet",PIH:3183,
d0876723-9087-4ea5-b26d-d46cf914835f,11114,"Lisinopril, 5mg tablet",PIH:3183,
3c9fa00d-f14f-4bd5-bca8-edeb88cad587,10805,"Loperamide hydrochloride, 2mg tablet",CIEL:79038,
0bb5dfe8-8a9e-4253-893a-7cb12b6314d6,10866,"Lubricant jelly, approx 45 gram tube",CIEL:162138,
7518d870-c206-4a88-a4a4-704939753cec,11026,"Magnesium carbonate 11.57g + citric acid 17.79g, Effervescent powder, 29.5 gram sachet",CIEL:162137,
d3817c4c-2b55-4bda-9a68-bdb124851df3,11404,"Magnesium sulfate, Solution for injection, 500mg/mL (50%), 10mL ampoule",CIEL:79247,
219685e2-dcb1-48f8-b4ff-1d19325ce097,10004,"Aluminium hydroxide 120mg + magnesium hydroxide 250mg, tablet",PIH:314,
eaa471de-45c5-4fdf-af95-3f17ddb43461,11007,"Mannitol, Intravenous infusion, 20 grams/100mL (20%), 500mL bottle",CIEL:79303,
73ab0bc6-73ee-486d-b79a-362b423b2233,10377,"Mebendazole, 100mg tablet",PIH:244,
158b8ac2-4472-11e6-beb8-9e71128cae77,10297,"Mesalazine, 500mg tablet",CIEL:79616,
afd2cd78-4dc6-4e91-ac9f-51b9e094e34a,11144,"Metformin hydrochloride, 500mg tablet",CIEL:79652,
a40da448-c981-11e7-abc4-cec278b6b50a,11002,"Metformin hydrochloride, 850mg tablet",CIEL:79652,
c3ecd3da-91d4-11e8-9eb6-529269fb1459,10500,"Methotrexate, Preservative free solution for injection, 25mg/mL, 2mL vial",CIEL:79700,
70123af9-a72a-4f6e-a188-140d905a84be,10002,"Methyldopa, 250mg film coated tablet",PIH:251,
7cbff751-d2f2-4d52-9060-c00b77c28b5a,11439,"Methylergometrine, Solution for injection, 200 microgram/mL, 1mL ampoule",CIEL:79730,
2573e237-e8f0-433c-bda6-a40178730d22,10750,"Methylprednisolone sodium succinate, Powder for solution for injection, 125mg vial with solvent",CIEL:70035,
399834b3-b44b-11e3-a5e2-0800200c9a66,11733,"Metoclopramide hydrochloride, 10mg tablet",CIEL:79757,
1db5bfe6-73f8-4845-8875-bfca42dedbd9,11722,"Metoclopramide hydrochloride, Solution for injection, 5mg/mL, 2mL ampoule",CIEL:79757,
819b83c0-e218-4ffe-854c-75c941feb948,10786,"Metoprolol tartrate, 25mg extended release tablet",CIEL:79766,
30f0c0e3-04bd-4c5f-a8af-b3ec54c2d0aa,10465,"Metoprolol tartrate, Solution for injection, 1mg/mL, 5mL ampoule",CIEL:79767,
01bf21ba-3505-4221-ad41-d81e9aa5cc6e,11384,"Metoprolol tartrate, 50mg tablet",CIEL:79767,
a6611b4a-6d64-4a6b-af16-ee2d2be33a48,10193,"Metronidazole, Powder for oral suspension, 125mg/5mL, 100mL bottle",PIH:237,
aed7a629-8b95-4942-b665-b35f42abe55d,10531,"Metronidazole, 250mg tablet",PIH:237,
0829ce7d-35d8-4ffb-b9ba-dbac2f4494c0,10779,"Metronidazole, Solution for infusion, 5mg/mL, 100mL plastic bottle",PIH:237,
3015bdd3-4eb4-44a3-91cd-817b79bc4dae,11568,"Metronidazole, 500mg vaginal tablet",PIH:237,
e0389253-0b50-4344-8c11-02d8f4968b8f,11840,"Miconazole nitrate, Skin cream, 2%, 30 gram tube",PIH:918,
093f7fc1-1eb1-4fdc-9697-2007828e544d,11466,"Midazolam hydrochloride, Solution for injection, 5mg/mL, 1mL ampoule",CIEL:79854,
bc570323-9f3d-4a73-bf09-b28cba07b59d,10139,"Misoprostol, 100 microgram tablet",CIEL:79984,
d61b9eb8-77ac-4949-9c47-2e14cabeaf9d,10314,"Misoprostol, 200 microgram tablet",CIEL:79984,
85e9b37a-b7b7-4ec9-84dc-c692b7c9187d,11298,"Montelukast sodium, 10mg tablet",CIEL:80092,
b506bb3a-fb9c-4ce6-b06c-919ffdd8af3c,11923,"Morphine hydrochloride, Solution for injection, 10mg/ml, 1mL ampoule",CIEL:80107,
8112cd31-ae2a-11e4-ab27-0800200c9a66,11844,"Morphine sulfate, 10mg IMMEDIATE release tablet",PIH:4053,
9ee96930-9258-48b1-b4d2-b243d42084f7,11836,"Morphine sulfate, 30mg CONTROLLED release tablet",PIH:4053,
7c0f11cb-9103-461a-a022-eac07fd1bde9,10954,"Multivitamin syrup, 100mL bottle",PIH:461,
289217bb-143f-4a0c-aafa-b64f9de8bcac,10497,"Multivitamin, Coated tablet",PIH:461,
ed28440e-3aa0-4e5b-8102-7caaa3aa6234,10564,"Naloxone hydrochloride, Solution for injection, 400 microgram/mL, 1mL ampoule",CIEL:80368,
74086f17-290a-420c-9beb-a48a9e976029,10364,"Neostigmine metisulfate, Solution for injection, 500 microgram/mL, 1mL ampoule",CIEL:80534,
f75e1e93-b1be-11e3-a5e2-0800200c9a66,10668,"Nifedipine, 10mg tablet",PIH:250,
d7937a60-a75b-42f6-9200-cd0e895606c0,10716,"Nifedipine, 20mg extended release tablet",PIH:250,
e2d08fbe-5772-4721-a128-90a064c5c21a,11478,"Nitroglycerin, Solution for injection, 1mg/mL, 50mL vial",CIEL:80704,
32cdeae7-8106-4ac4-9503-b53686167c5b,11216,"Nitroglycerin, 500 microgram sublingual tablet",CIEL:80704,
e62195c1-0180-4d3d-b724-fc83fc6c6322,10757,"Noradrenaline acid tartrate, Solution for injection, 1mg/mL, 1mL ampoule",CIEL:80779,
8b0e1df0-c3d7-11e3-9c1a-0800200c9a66,11238,"Ready to use therapeutic food (RUTF), Nourimanba, 1kg jar",CIEL:162333,
f1ea0247-cba8-40d3-b36b-2c63314ba775,10665,"Nystatin, 100,00 IU vaginal tablet",PIH:919,
9b28cb67-999c-4fc3-aa9c-31237058fe1c,11606,"Nystatin, Oral suspension, 100,000 IU/mL, 30mL bottle",PIH:919,
4582259d-01df-4d08-ae6b-eebf651bdba6,10901,"Ofloxacin, Eye drop, 0.3%, 5mL bottle",PIH:1418,
cb6d3cfb-4d14-4473-af64-88a69bc09a43,10454,"Omeprazole, 20mg capsule of enteric coated granules",PIH:1244,
b6ab8392-2575-44be-b107-23d5e5986679,11248,"Ondansetron hydrochloride, Solution for injection, 2mg/mL, 2mL ampoule",CIEL:81073,
2756c28d-aa30-4b9b-a3a0-6ec310790ecf,10361,"Ondansetron hydrochloride, 4mg film coated tablet",PIH:7663,
1c67f8f0-531c-418d-94b6-391db8d8bdde,11803,"Oral Rehydration Salts (ORS), Low osmolarity, 20.5 grams (for 1 liter) sachet",PIH:351,
5b971c12-a4b7-42c8-8001-72a0b1b032bf,12104,"Oxymetazoline, Nasal spray, 0.05%, 15mL bottle",CIEL:81345,
599d41db-2106-418d-b906-10df84ab63d3,10336,"Oxytocin, Solution for injection, 10 IU/mL, 1mL ampoule",CIEL:81369,
c3ecd998-91d4-11e8-9eb6-529269fb1459,11773,"Paclitaxel, Concentrate for solution for infusion, 6mg/mL, 50mL vial",CIEL:81410,
60520315-2c98-425a-b404-d282f8c841ec,10507,"Paracetamol, 100mg rectal suppository",PIH:89,
c8c2ee30-a0da-4205-acd2-6d0c8599d054,11226,"Paracetamol, Oral solution, 120mg/5mL, 100mL bottle",PIH:89,
344fea71-ef04-47f8-86f2-0d3937ac4a32,10521,"Paracetamol, 500mg tablet",PIH:89,
a40da146-c981-11e7-abc4-cec278b6b50a,11260,"Paraffin, soft white, 100g (Petroleum jelly)",PIH:2939,
93560fa9-4cea-4b6e-996e-5737a21dc7db,11313,"Permethrin, Scalp and hair lotion, 1%, 100mL bottle",CIEL:81834,
9a499fca-699e-4809-8175-732ef43d5c14,11708,"Phenobarbital, 50mg tablet",PIH:238,
4eb3c71f-b716-4f01-beb7-394cebd6c191,10764,"Phenobarbital, Solution for injection, 100mg/mL, 2mL ampoule",CIEL:81953,
3fbb89a0-652f-4675-b087-63ce1bed098f,11738,"Phenoxymethylpenicillin (Penicillin V), 250mg tablet",CIEL:81730,
d3c6ca69-ce10-406f-961a-de6df6f7e0f8,11104,"Phenylephrine hydrochloride, Solution for injection, 10mg/mL, 1mL ampoule",CIEL:82000,
34dd5905-c28d-4cf8-8ebe-0b83e5093e17,10621,"Phenytoin sodium, 100mg film coated tablet",CIEL:82024,
d8297181-0a3f-48fc-89c5-cc283e5a8d42,10313,"Phenytoin sodium, Solution for injection, 50mg/mL, 5mL ampoule",CIEL:82024,
201548de-1b97-45e9-84c7-8b4dde50e589,10213,"Pilocarpine, Eye drop, 2%, 10mL bottle",CIEL:82082,
663a9864-838b-417c-b301-1f05386a7705,10225,"Potassium chloride, Solution for injection, 10%, (100mg/mL), 10mL ampoule",PIH:4057,
086b2092-a2e9-4a66-8790-7eb12ca328f2,11300,"Potassium chloride, 600mg (8mEq) slow release tablet",PIH:4057,
06ec3886-5461-4371-be7a-f48ce7e4d542,11203,"Povidone iodine, 10%, 200mL bottle",CIEL:82384,
f75e1e96-b1be-11e3-a5e2-0800200c9a66,10066,"Pravastatin, 20mg tablet",CIEL:82411,
c63b13b6-210c-4575-ae5e-bbf86b5df747,10571,"Prednisolone, 5mg tablet",PIH:765,
c3ece294-91d4-11e8-9eb6-529269fb1459,11290,"Prednisolone, 20mg tablet",CIEL:82453,
f75e1e91-b1be-11e3-a5e2-0800200c9a66,11875,"Multivitamin, Prenatal, Tablet",PIH:9532,
93b4ebc0-d986-11e5-b5d2-0a1d41d68578,19216,"Primaquine 7.5mg tablet",CIEL:82521,
7965cb77-d7e1-4871-99eb-10718198c869,11550,"Promethazine hydrochloride, 25mg coated tablet",CIEL:82670,
2dd11245-7687-49a5-baa0-b32f82271f44,10351,"Promethazine hydrochloride, Solution for injection, 25mg/mL, 2mL ampoule",CIEL:82670,
8480ba1a-6c11-4323-9e3c-f3f1ac331954,11438,"Promethazine hydrochloride, Oral solution, 1mg/mL, 100mL bottle",CIEL:82670,
e22bf0a2-d1d7-4857-891a-131e346e7d34,10473,"Propofol, Solution for injection, 10mg/mL, 20mL ampoule",CIEL:82726,
72545c0c-a4fe-4f8f-907a-3d3ea59423e5,10604,"Propranolol hydrochloride, Oral solution, 8mg/mL, 150mL bottle",CIEL:82734,
405dfa6c-ebaa-4a51-857f-b4df3788e7dd,10406,"Propranolol hydrochloride, 40mg tablet",CIEL:82734,
d3cb4322-1f40-11e5-b5f7-727283247c7f,11079,"Propylthiouracil, 50mg tablet",CIEL:82743,
19039604-d164-4aaa-80c1-4c7dcb09bddd,10590,"Protamine sulfate/HCl, Solution for injection, 10mg/mL, 5mL ampoule",CIEL:82762,
17f95f85-e79c-47b7-b7e8-4c26d77b8dc4,14818,"Pyrazinamide (Z), 400mg tablet",PIH:5829,
79a38c38-5bc8-11e9-8647-d663bd873d93,11256,"Pyrazinamide (Z), 500mg tablet",PIH:5829,
50cd0561-9a07-4b38-bd32-1d283c98fd75,10085,"Ranitidine hydrochloride, Solution for injection, 25mg/mL, 2mL ampoule",CIEL:83077,
b5083fb5-44f7-40b8-9844-fe246aaac7ec,10824,"Ranitidine hydrochloride, Oral suspension, 15mg/mL, 300mL bottle",CIEL:83077,
477cbb97-2ea4-4fde-b32f-e6a3dd668c2b,10276,"Ranitidine, 150mg film coated tablet",PIH:923,
93b4e4d6-d986-11e5-b5d2-0a1d41d68578,10180,"Rifabutin, 150mg capsule",PIH:2460,
85a6e834-0d60-48d1-8847-c42d2e16e57e,11856,"Rifampicin (R) 150mg + Isoniazid (H) 75mg tablet",PIH:1194,
6dcb48b9-968a-413d-a15a-ebb4fc3a71da,11869,"Rifampicin (R) 60mg + Isoniazid (H) 30mg tablet",PIH:1194,
2ffe3312-87d5-4170-8194-62834b03b55b,11668,"Rifampicin (R) 150mg + Isoniazid (H) 75mg + Ethambutol (E) 275mg tablet",PIH:1614,
79bc3e4f-55dd-46b5-87d9-7f5f6693adf2,11208,"Rifampicin (R) 150mg + Isoniazid (H) 75mg + Pyrazinamide (Z) 400mg + Ethambutol (E) 275mg tablet",PIH:1131,
204c8773-dec7-4d4b-8b67-c56daa497c61,11101,"Rifampin (R) 60mg + Isoniazid (H) 30mg + Pyrazinamide (Z) 150mg, Tablet",PIH:768,
5d455293-ce1d-4ad6-8598-0da4b4e15690,10936,"Ringer lactate, Intravenous infusion 1000mL nipple head bottle, PVC free",PIH:7873,
d4b61b57-8de2-4bf1-b402-847bbf67d2c0,11276,"Ringer lactate, Intravenous infusion 500mL nipple head bottle, PVC free",PIH:7873,
03818046-358b-4b90-a91b-24913dd32459,10299,"Risperidone, 1mg tablet",CIEL:83405,
7dffc3c0-d5f6-4887-8fe7-dcaa2a473590,11567,"Risperidone, 3mg tablet",CIEL:83405,
f75e1e92-b1be-11e3-a5e2-0800200c9a66,11570,"Salbutamol, Solution for injection, 500 microgram/mL, 1mL ampoule",PIH:798,
32bbd6e2-9ac0-47ca-8cd7-79aa8cf29184,11769,"Salbutamol sulfate, Solution for nebulisation, 5mg/mL, 30mL bottle",CIEL:70461,
1420b4b9-ca35-4579-ae96-838f75b9e856,10003,"Salbutamol sulfate, Solution for inhalation, 100 microgram/actuation, 200 dose metered dose inhaler",PIH:798,
d3cb471e-1f40-11e5-b5f7-727283247c7f,10176,"Salbutamol, 4mg tablet",PIH:798,
192e6f5b-2b2b-4431-b42b-6a50d2980d60,11134,"Senna, 7.5mg tablet",CIEL:83797,
0d592d52-a8ab-4e40-b7f8-a5bf4cabccea,11434,"Sevoflurane, Inhalation liquid, 250mL bottle",CIEL:83872,
6c50a616-a51f-410c-a24c-fe12407a570b,11709,"Silver sulfadiazine, Skin cream, 1% (10mg/gram), 500 gram tube",PIH:938,
441d3e0a-0d9b-4e2e-b4c0-d5a308bec4e7,10522,"Silver sulfadiazine, Skin cream, 1% (10mg/gram), 50 gram tube",PIH:938,
01f14854-8305-4b12-8a52-3e01555fd66e,10985,"Simvastatin, 20mg tablet",CIEL:83936,
0ff47596-5599-4558-a5a7-214a3ae6584e,11224,"Sodium bicarbonate, Solution for injection, 8.4% (1mmol/mL), 20mL ampoule",CIEL:84041,
69b1ea41-3165-4595-b1a7-07e89229955b,10064,"Sodium chloride, 0.9% Intravenous infusion, 1000mL nipple head bottle",CIEL:80804,
30ee6a08-9440-4f7e-a1e7-39219d9e9b25,11028,"Sodium chloride, 0.9% Intravenous infusion, 500mL nipple head bottle. PVC free",CIEL:80804,
63a49102-fdcf-42a7-8950-4ea6a1b85635,11527,"Potassium removal/Hyperkalaemia, Sodium polystyrene sulphonate, 454 gram container",CIEL:84099,
b2b0d66a-4865-49fa-9af8-6d898f46dc78,10134,"Sodium valproate, 250mg capsule",PIH:4060,
fc899af0-e745-4e60-ab06-3b3375333786,11847,"Sodium valproate, 500mg enteric coated tablet",PIH:4060,
d89a847c-1e50-471d-9219-f7ad71bafa7e,10051,"Sodium valproate, Oral solution, 57.64mg/mL, 150mL bottle",PIH:4060,
82f3e5d8-0701-4948-a511-7d6f932dc9e6,11178,"Spironolactone, 25mg tablet",PIH:4061,
f55edf29-b1ac-4c43-8fb4-57a9c4415c0c,11806,"Streptomycin sulfate, Powder for solution for injection, 1g vial",CIEL:84361,
fb8c642a-8c4d-4442-bfbc-d41308c07c41,11031,"Suxamethonium chloride, Solution for injection, 50mg/mL, 2mL ampoule",CIEL:84583,
8112cd32-ae2a-11e4-ab27-0800200c9a66,11838,"Tamoxifen, 20mg tablet",PIH:7664,
a40d9ebc-c981-11e7-abc4-cec278b6b50a,10556,"Terbinafine hydrochloride, 250mg tablet",CIEL:84825,
737a2d0f-82f9-4e1d-887d-c28ab3728502,11515,"Tetanus antitoxin (Equine), 1,500 IU/mL, 1mL ampoule",CIEL:84877,
d06a7e2c-948b-4b7e-86b6-52c36b536d49,10773,"Immunoglobulin (Human), Tetanus, 250 IU/mL, 1mL vial",CIEL:84878,
e66b74f7-854e-4392-852a-886b1d31d9fc,11259,"Tetracaine hydrochloride, Eye drop, 0.5%, 10mL bottle",CIEL:84889,
d9333e11-4b28-41fe-93c5-44e624ef1b2c,10352,"Tetracycline hydrochloride, Eye ointment, 1%, 5 gram tube",CIEL:84889,
88c829e2-081b-4082-9185-79928a39f305,10219,"Thiopental, Powder for solution for injection, 500mg vial",CIEL:85016,
25da272a-5892-4c53-87bd-96c6a2d8689f,11029,"Timolol maleate, Eye drop, 0.25%, 5mL bottle",CIEL:85132,
43271fad-6f01-4a94-9e4f-1746642a3af6,10501,"Tramadol hydrochloride, Solution for injection, 50mg/mL, 2mL ampoule",CIEL:85276,
48bad836-e456-40db-be79-769e2798b23e,11121,"Tramadol hydrochloride, 50mg capsule",CIEL:85276,
8319e5d6-777e-4d0e-9aad-099e684dcc8e,11555,"Tranexamic acid, Solution for injection, 100mg/mL, 5mL ampoule",CIEL:85286,
a40d9d90-c981-11e7-abc4-cec278b6b50a,11665,"Tretinoin, Skin cream, 0.05%, 20 gram tube",CIEL:85330,
c18e751c-1ec5-420b-8ba7-68a22c5d1acc,10660,"Trihexyphenidyl, 5mg tablet",PIH:915,
72a1bbde-5946-40d5-8750-918a47be523f,10647,"Tropicamide, Eye drop, 0.5%, 5mL bottle",CIEL:85597,
0445f6c4-7ac2-489c-806d-0c97b127c68f,11303,"Vasopressin, Solution for injection, 20 IU/mL, 1mL ampoule",CIEL:86127,
6dfc00d4-66b8-45c8-8a45-7bd61d08c928,11782,"Vecuronium bromide, Powder for solution for injection, 10mg vial",CIEL:86145,
c3ece4a6-91d4-11e8-9eb6-529269fb1459,10935,"Vincristine sulfate, Solution for injection, 1mg/mL, 1mL vial",CIEL:86266,
ae7b2889-8094-49a8-82b5-3b70d351b81d,12360,"Vitamin A (Retinol), 200,000 IU soft gel capsule",PIH:4063,
424d2f86-835f-473a-9d2e-b74b16734db7,10034,"Vitamin B Compound, tablet",PIH:329,
44ad6301-71e6-453d-80c1-fe0d409dc63c,10272,"Thiamine (Vitamin B1), 100mg tablet",CIEL:84995,
35816ccb-904b-4ca0-8160-d7de356d5f1e,11801,"Thiamine (Vitamin B1), Solution for injection, 50mg/mL, 2mL ampoule",CIEL:84995,
83daf2f9-3e3b-4134-bf38-552098d57d7c,11385,"Cyanocobalamin (Vitamin B12), Solution for injection, 500 microgram/mL, 2mL ampoule",CIEL:86340,
bc2f0b43-5a92-4c1a-8004-47e3b36c8bdb,11798,"Pyridoxine (Vitamin B6), 50mg tablet",PIH:766,
c8d3444c-41a4-48d3-9ec1-811fe7b27d99,12200,"Ascorbic acid (Vitamin C), 250mg tablet",PIH:4041,
75d33db4-bf26-4647-98e1-62bc99da223a,11829,"Phytomenadione (Vitamin K1), Solution for injection, 10mg/mL, 1mL ampoule",CIEL:86353,
8e54abed-51ff-4f40-b597-705d241286ef,11810,"Warfarin sodium, 1mg tablet",PIH:3190,
1779f27f-0272-41da-a242-c6851a9aef6d,11309,"Warfarin sodium, 5mg tablet",PIH:3190,
6d71d2a5-071f-4530-b899-bdeba96ada09,11393,"Water for injection, 10mL plastic ampoule",CIEL:84323,
f4eadb59-49ee-40b9-b40a-6578f9ff89bb,10996,"Zinc oxide, Skin ointment, 10%, 100 gram tube",PIH:4064,
d3cb4912-1f40-11e5-b5f7-727283247c7f,11433,"Zinc sulfate monohydrate, 54.9mg (Elemental zinc 20mg), dispersible tablet",CIEL:86688,
78f95482-dfbe-11e9-8a34-2a2ae2dbcce4,11090,"Caffeine citrate, Solution for injection, 20mg/mL, 3mL ampoule",CIEL:72610,
78f95752-dfbe-11e9-8a34-2a2ae2dbcce4,10088,"Caffeine citrate, Oral solution, 20mg/mL, 3mL vial",CIEL:72610,
78f95bc6-dfbe-11e9-8a34-2a2ae2dbcce4,10048,"Zidovudine (AZT), Oral solution, 10mg/mL, 240mL bottle",CIEL:86663,
78f95d38-dfbe-11e9-8a34-2a2ae2dbcce4,10105,"Atazanavir sulfate (ATV) 300mg + Ritonavir (r) 100mg tablet",CIEL:159809,
78f95e78-dfbe-11e9-8a34-2a2ae2dbcce4,10161,"Lopinavir (LPV) 200mg + Ritonavir (r) 50mg tablet",CIEL:794,
78f95fa4-dfbe-11e9-8a34-2a2ae2dbcce4,10238,"Lamivudine (3TC) 30mg + Zidovudine (AZT) 60mg tablet",CIEL:630,
78f960da-dfbe-11e9-8a34-2a2ae2dbcce4,10277,"Efavirenz (EVF) 600mg + Lamivudine (3TC) 300mg + Tenofovir disoproxil fumarate (TDF) 300mg tablet",CIEL:164505,
78f96210-dfbe-11e9-8a34-2a2ae2dbcce4,10288,"Efavirenz (EFV), 600mg tablet",CIEL:75523,
78f96526-dfbe-11e9-8a34-2a2ae2dbcce4,10408,"Nevirapine (NVP), 50mg dispersible tablet",CIEL:80586,
78f96684-dfbe-11e9-8a34-2a2ae2dbcce4,10603,"Lamivudine (3TC), Oral solution, 10mg/mL, 240mL bottle",CIEL:78643,
78f967ba-dfbe-11e9-8a34-2a2ae2dbcce4,10608,"Nevirapine (NVP), Oral solution, 10mg/mL, 240mL bottle",CIEL:80586,
78f968e6-dfbe-11e9-8a34-2a2ae2dbcce4,10689,"Lamivudine (3TC) 150mg + Zidovudine (AZT) 300mg tablet",CIEL:630,
78f96a76-dfbe-11e9-8a34-2a2ae2dbcce4,10706,"Tenofovir disoproxil fumarate (TDF) 300mg + Lamivudine (3TC) 300mg tablet",CIEL:161364,
78f96de6-dfbe-11e9-8a34-2a2ae2dbcce4,10771,"Lamivudine (3TC) 60mg + Stavudine (d4T) 12mg + Nevirapine (NVP) 100mg dispersible tablet",CIEL:792,
78f96fda-dfbe-11e9-8a34-2a2ae2dbcce4,10856,"Tenofovir disoproxil fumarate (TDF) 300mg + Lamivudine (3TC) 300mg + Efavirenz (EFV) 600mg tablet",CIEL:164505,
78f9712e-dfbe-11e9-8a34-2a2ae2dbcce4,10924,"Abacavir sulfate (ABC) 600mg + Lamivudine (3TC) 300mg tablet",CIEL:103166,
78f97264-dfbe-11e9-8a34-2a2ae2dbcce4,10989,"Lamivudine (3TC), 150mg tablet",CIEL:78643,
78f9739a-dfbe-11e9-8a34-2a2ae2dbcce4,11282,"Lamivudine (3TC) 150mg + Nevirapine (NVP) 200mg + Zidovudine (AZT) 300mg tablet",CIEL:1652,
78f976c4-dfbe-11e9-8a34-2a2ae2dbcce4,11369,"Lopinavir (LPV) 100mg + Ritonavir (r) 25mg tablet",CIEL:794,
78f9780e-dfbe-11e9-8a34-2a2ae2dbcce4,11396,"Nevirapine (NVP), 200mg tablet",CIEL:80586,
78f97b9c-dfbe-11e9-8a34-2a2ae2dbcce4,11615,"Efavirenz (EFV), 200mg tablet",CIEL:75523,
78f97cfa-dfbe-11e9-8a34-2a2ae2dbcce4,11737,"Lamivudine (3TC) 30mg + Nevirapine (NVP) 50mg + Zidovudine (AZT) 60mg dispersible tablet",CIEL:1652,
78f97e3a-dfbe-11e9-8a34-2a2ae2dbcce4,11771,"Lamivudine (3TC) 150mg + Stavudine (d4T) 30mg + Nevirapine (NVP) 200mg tablet",CIEL:792,
78f97f70-dfbe-11e9-8a34-2a2ae2dbcce4,11791,"Lamivudine (3TC) 30mg + Stavudine (d4T) 6mg + Nevirapine (NVP) 50mg dispersible tablet",CIEL:792,
78f980a6-dfbe-11e9-8a34-2a2ae2dbcce4,11854,"Lamivudine (3TC) 150mg + Stavudine (d4T) 30mg tablet",CIEL:161363,
78f981d2-dfbe-11e9-8a34-2a2ae2dbcce4,11858,"Abacavir sulfate (ABC), 300mg tablet",CIEL:70056,
78f98308-dfbe-11e9-8a34-2a2ae2dbcce4,11861,"Abacavir sulfate (ABC), Oral solution, 20mg/mL, 240mL bottle",CIEL:70056,
78faa576-dfbe-11e9-8a34-2a2ae2dbcce4,11870,"Tenofovir disoproxil fumarate (TDF), 300mg tablet",CIEL:84795,
78faa710-dfbe-11e9-8a34-2a2ae2dbcce4,11940,"Lopinavir (LPV) 80mg/mL + Ritonavir (r) 20mg/mL, Oral suspension, 160mL bottle",CIEL:794,
78faa864-dfbe-11e9-8a34-2a2ae2dbcce4,12755,"Emtricitabine (FTC) 200mg + Tenofovir disoproxil fumarate (TDF) 245mg tablet",CIEL:104567,
78faa9b8-dfbe-11e9-8a34-2a2ae2dbcce4,14074,"Abacavir (ABC) sulfate 60mg + Lamivudine (3TC) 30mg, tablet for oral suspension",CIEL:103166,
78faaaf8-dfbe-11e9-8a34-2a2ae2dbcce4,14075,"Lopinavir (LPV) 40mg + Ritonavir (r) 10mg, tablet",CIEL:794,
78faac2e-dfbe-11e9-8a34-2a2ae2dbcce4,18886,"Dolutegravir (DTG) 50mg + Lamivudine (3TC) 300mg + Tenofovir disoproxil fumarate (TDF) 300mg, tablet",CIEL:165086,
78fab02a-dfbe-11e9-8a34-2a2ae2dbcce4,18894,"Dolutegravir (DTG), 50 mg tablet",CIEL:165085,
78fab188-dfbe-11e9-8a34-2a2ae2dbcce4,10244,"Cycloserine, 250mg capsule",CIEL:74123,
78fab2c8-dfbe-11e9-8a34-2a2ae2dbcce4,12551,"Bedaquiline, 100mg tablet",CIEL:163143,
78fab46c-dfbe-11e9-8a34-2a2ae2dbcce4,12552,"Delamanid, 50mg tablet",CIEL:163144,
78fab5ac-dfbe-11e9-8a34-2a2ae2dbcce4,18890,"Ethionamide, 250mg tablet",CIEL:75976,
78fab7f0-dfbe-11e9-8a34-2a2ae2dbcce4,18891,"Kanamycin, Solution for injection, 250mg/mL, 4mL ampoule",CIEL:78385,
78fab944-dfbe-11e9-8a34-2a2ae2dbcce4,11809,"Rifampicin (R), 300mg capsule",CIEL:767,
c6a948ac-fce4-11e9-8f0b-362b9e155667,12523,"Rifampicin (R) 75mg + Isoniazid (H) 50mg, Tablet",PIH:1194,
c6a94640-fce4-11e9-8f0b-362b9e155667,12825,"Rifampicin (R) 60mg + Isoniazid (H) 30mg + Pyrazinamide (Z) 150mg tablet",PIH:768,
c6a94776-fce4-11e9-8f0b-362b9e155667,18228,"Rifampicin (R) 75mg + Isoniazid (H) 50mg + Pyrazinamide (Z) 150mg tablet",PIH:768,
c6a93150-fce4-11e9-8f0b-362b9e155667,10080,"Levonorgestrel (Jadelle), Subdermal implant, 2 x 75 mg + trocar",CIEL:78796,
c6a9018a-fce4-11e9-8f0b-362b9e155667,11868,"Medroxyprogesterone acetate, Suspension for depot injection, 150mg/mL, 1mL vial",PIH:907,
78fac2b8-dfbe-11e9-8a34-2a2ae2dbcce4,14165,"Metamizole, Solution for injection, 500mg/mL, 2mL ampoule",CIEL:75047,
78fac646-dfbe-11e9-8a34-2a2ae2dbcce4,11887,"Potassium Chloride 20mEq + Dextrose 5% + Sodium chloride 0.45%, Intravenous infusion, 1000mL bag",CIEL:104741,
78fac786-dfbe-11e9-8a34-2a2ae2dbcce4,11888,"Potassium Chloride 20mEq + Sodium chloride 0.9%, Intravenous infusion, 1000mL bag",CIEL:105202,
78fac8bc-dfbe-11e9-8a34-2a2ae2dbcce4,11889,"Potassium Chloride 40mEq + Dextrose 5% + Sodium chloride 0.45%, Intravenous infusion, 1000mL bag",CIEL:104741,
78fac9e8-dfbe-11e9-8a34-2a2ae2dbcce4,11900,"Potassium Chloride 40mEq + Sodium chloride 0.9%, Intravenous infusion, 1000mL bag",CIEL:105202,
78facb14-dfbe-11e9-8a34-2a2ae2dbcce4,10693,"Sodium chloride, 0.9% Intravenous infusion, 1000mL bottle with additive port",CIEL:84047,
78facc4a-dfbe-11e9-8a34-2a2ae2dbcce4,10863,"Sodium chloride, 0.9% Intravenous infusion, 500mL bag with additive port",CIEL:84047,
78facf7e-dfbe-11e9-8a34-2a2ae2dbcce4,11604,"Sodium chloride, 0.9% Intravenous infusion, 100mL bottle",CIEL:84047,
78fad0e6-dfbe-11e9-8a34-2a2ae2dbcce4,11719,"Sodium chloride, 0.9% Intravenous infusion, 250mL bag with additive port",CIEL:84047,
78fad21c-dfbe-11e9-8a34-2a2ae2dbcce4,14151,"Filgrastim (Neupogen), Solution for injection, 300 microgram/mL, 1mL vial",CIEL:76374,
78fad3ca-dfbe-11e9-8a34-2a2ae2dbcce4,10624,"Dextrose 5% + Ringer lactate, Intravenous infusion 500mL flex bag",CIEL:104730,
78fad546-dfbe-11e9-8a34-2a2ae2dbcce4,10961,"Dextrose, 5% Intravenous infusion, 500mL flex bag with additive port",CIEL:161250,
78fad690-dfbe-11e9-8a34-2a2ae2dbcce4,11726,"Dextrose, 5% Intravenous infusion, 100mL flex bag",CIEL:161250,
78fad7bc-dfbe-11e9-8a34-2a2ae2dbcce4,10787,"Nutritional supplement, for premature infants, High protein, 59mL (2oz) bottle",CIEL:165577,
78fadae6-dfbe-11e9-8a34-2a2ae2dbcce4,14167,"Enalapril, Solution for injection, 1.25mg/mL, 2mL ampoule",CIEL:75633,
78fadc4e-dfbe-11e9-8a34-2a2ae2dbcce4,10163,"Streptokinase, Powder for solution for infusion, 1.5 MIU vial",CIEL:84359,
78fadd84-dfbe-11e9-8a34-2a2ae2dbcce4,11680,"Dobutamine hydrochloride, Solution for injection, 12.5mg/mL, 20mL ampoule",CIEL:75103,
c6a8fca8-fce4-11e9-8f0b-362b9e155667,12390,"Hydrocortisone, Preservative free powder for solution for injection, 100mg vial",CIEL:77719,
78fb5994-dfbe-11e9-8a34-2a2ae2dbcce4,10287,"Bisacodyl, 10mg rectal suppository",CIEL:72223,
78fb5e08-dfbe-11e9-8a34-2a2ae2dbcce4,10374,"Cyclophosphamide, Powder for solution for injection/infusion, 200mg vial",CIEL:74120,
78fb5fa2-dfbe-11e9-8a34-2a2ae2dbcce4,10451,"Vinblastine sulfate, Solution for injection, 1mg/mL, 10mL vial",CIEL:86262,
78fb6240-dfbe-11e9-8a34-2a2ae2dbcce4,10494,"Cisplatin, Solution for infusion, 1mg/mL, 50mL vial",CIEL:73457,
78fb63b2-dfbe-11e9-8a34-2a2ae2dbcce4,10928,"Cyclosporine, 50mg capsule",CIEL:74125,
78fb6506-dfbe-11e9-8a34-2a2ae2dbcce4,11045,"Dacarbazine, Powder for solution for injection/infusion, 200mg vial",CIEL:74196,
78fb6646-dfbe-11e9-8a34-2a2ae2dbcce4,11316,"Azathioprine, 50mg tablet",CIEL:71767,
78fb6790-dfbe-11e9-8a34-2a2ae2dbcce4,11501,"Cyclophosphamide, 50mg tablet",CIEL:74120,
78fb6b00-dfbe-11e9-8a34-2a2ae2dbcce4,11577,"Methotrexate, 2.5mg tablet",CIEL:79700,
78fb6c54-dfbe-11e9-8a34-2a2ae2dbcce4,12206,"Cytarabine, Solution for injection/infusion, 100mg/mL, 1mL vial",CIEL:74177,
78fb6d94-dfbe-11e9-8a34-2a2ae2dbcce4,12218,"Methotrexate, Preservative free solution for injection, 100mg/ml, 5mL vial",CIEL:79700,
78fb6eca-dfbe-11e9-8a34-2a2ae2dbcce4,12270,"Mercaptopurine, 50mg tablet",CIEL:70039,
78fb71cc-dfbe-11e9-8a34-2a2ae2dbcce4,12325,"Calcium folinate, 15mg tablet",CIEL:78743,
78fb75b4-dfbe-11e9-8a34-2a2ae2dbcce4,12716,"Dactinomycin, Powder for solution for injection, 500 microgram vial",CIEL:74204,
78fb7708-dfbe-11e9-8a34-2a2ae2dbcce4,12760,"Etoposide, Solution for infusion, 20mg/mL, 5mL vial",CIEL:76025,
78fb7852-dfbe-11e9-8a34-2a2ae2dbcce4,12780,"Asparaginase, Lyophilized powder for reconstitution for injection, 10,000 unit vial",CIEL:71602,
78fb7988-dfbe-11e9-8a34-2a2ae2dbcce4,14149,"Ifosfamide, Powder for solution for injection, 2 gram vial",CIEL:77922,
78fb7abe-dfbe-11e9-8a34-2a2ae2dbcce4,14150,"Mesna, Solution for injection, 100mg/mL, 2mL ampoule",CIEL:79620,
78fb7c4e-dfbe-11e9-8a34-2a2ae2dbcce4,14155,"Mitoxantrone, Solution for infusion, 20mg/mL",CIEL:79993,
78fb7fb4-dfbe-11e9-8a34-2a2ae2dbcce4,14156,"Daunorubicin, Powder for solution for infusion, 20mg vial",CIEL:74267,
78fb8112-dfbe-11e9-8a34-2a2ae2dbcce4,10165,"Vancomycin hydrochloride, Powder for solution for infusion, 1 gram vial",CIEL:86083,
78fb8252-dfbe-11e9-8a34-2a2ae2dbcce4,12337,"Ceftazidime, Powder for solution for injection, 1 gram vial",CIEL:73034,
78fb8388-dfbe-11e9-8a34-2a2ae2dbcce4,12586,"Meropenem, Powder for solution for injection, 1 gram vial",CIEL:79611,
78fb8bda-dfbe-11e9-8a34-2a2ae2dbcce4,12610,"Fluconazole, Solution for infusion, 2mg/mL, 100mL vial",CIEL:76488,
78fb8d60-dfbe-11e9-8a34-2a2ae2dbcce4,14152,"Amphotericin B, Liposomal, Powder for injection, 50mg vial",CIEL:71187,
78fb8eaa-dfbe-11e9-8a34-2a2ae2dbcce4,14153,"Aciclovir, Powder for solution for infusion, 500mg vial",CIEL:70245,
78fc4778-dfbe-11e9-8a34-2a2ae2dbcce4,14154,"Amikacin, Solution for injection, 250mg/mL, 2mL vial",CIEL:71060,
78fc4a20-dfbe-11e9-8a34-2a2ae2dbcce4,10422,"Iopamidol, Contrast media for injection, 61.2% (612mg/mL), eq. to Iodine 300mg/mL, 50mL bottle",CIEL:78164,
78fc4b88-dfbe-11e9-8a34-2a2ae2dbcce4,11087,"Diatrizoate meglumine 66% + Diatrizoate sodium 10% Contrast media, Oral administration, 120mL bottle",CIEL:74739,
78fc4cfa-dfbe-11e9-8a34-2a2ae2dbcce4,11440,"Barium sulfate, Oral suspension, 2.1%, 250mL bottle",CIEL:71867,
78fc4e4e-dfbe-11e9-8a34-2a2ae2dbcce4,12430,"Infasurf (Calfactant), Natural surfactant, 35mg/mL, 6mL vial",CIEL:72715,
78fc4fb6-dfbe-11e9-8a34-2a2ae2dbcce4,11094,"Ferric subsulfate, Topical solution, 473mL (16oz) bottle",CIEL:165571,
78fc513c-dfbe-11e9-8a34-2a2ae2dbcce4,10806,"Silver nitrate 75% + Potassium nitrate 25% caustic pencil, 6 inch flexible applicator",CIEL:165572,
78fc557e-dfbe-11e9-8a34-2a2ae2dbcce4,11157,"Vaccine, Meningitis (A+C+W135+Y) conjugate, monodose pre-filled syringe with solvent",CIEL:79549,
78fc56e6-dfbe-11e9-8a34-2a2ae2dbcce4,10084,"Lidocaine hydrochloride, Solution for injection, 2% (20mg/mL), 20mL vial",CIEL:78850,
78fc584e-dfbe-11e9-8a34-2a2ae2dbcce4,10714,"Lidocaine hydrochloride 2% + Adrenaline 1:100,000 1.8mL dental cartridge",CIEL:104584,
78fc598e-dfbe-11e9-8a34-2a2ae2dbcce4,10896,"Bupivacaine hydrochloride 0.5% (5mg/mL) + Adrenaline 1:200,000 , 1.7mL dental cartridge",CIEL:103957,
af8b9eec-dfbe-11e9-8a34-2a2ae2dbcce4,11245,"Mepivacaine hydrochloride, Solution for injection, 10mg/mL, 1.7mL dental cartridge",CIEL:79588,
af8c010c-dfbe-11e9-8a34-2a2ae2dbcce4,11487,"Articaine hydrochloride 4% + Adrenaline 1:100,000, 1.7mL dental cartridge",CIEL:103606,
af8c0486-dfbe-11e9-8a34-2a2ae2dbcce4,14370,"Lidocaine hydrochloride, Solution for injection, 1% (10mg/mL), 10 mL plastic ampoule",CIEL:78850,
af8c0602-dfbe-11e9-8a34-2a2ae2dbcce4,19497,"Lidocaine hydrochloride 2% + Adrenaline 1:200,000, 50mL vial",CIEL:104584,
af8c0742-dfbe-11e9-8a34-2a2ae2dbcce4,10518,"Neostigmine metisulfate, Solution for injection, 2.5mg/mL, 1mL ampoule",CIEL:80534,
af8c0a4e-dfbe-11e9-8a34-2a2ae2dbcce4,20819,"Dextrose 5% in Sodium chloride 0.45%, Intravenous infusion, 500mL euro head bottle",CIEL:162859,
af8c0b98-dfbe-11e9-8a34-2a2ae2dbcce4,20820,"Dextrose, 5% intravenous infusion, 1000mL euro head bottle",CIEL:161250,
af8c0cce-dfbe-11e9-8a34-2a2ae2dbcce4,20821,"Ringer lactate, Intravenous infusion, 1000mL euro head bottle",CIEL:78617,
af8c0e04-dfbe-11e9-8a34-2a2ae2dbcce4,20822,"Ringer lactate, Intravenous infusion, 500mL euro head bottle",CIEL:78617,
af8c0f30-dfbe-11e9-8a34-2a2ae2dbcce4,20823,"Dextrose, 5% intravenous infusion, 100mL euro head bottle",CIEL:161250,
af8c105c-dfbe-11e9-8a34-2a2ae2dbcce4,10309,"Folic acid, 400 microgram tablet",CIEL:76613,
af8c13a4-dfbe-11e9-8a34-2a2ae2dbcce4,14162,"Human albumin, Solution for infusion, 10% (100mg/mL),",CIEL:70445,
af8c14ee-dfbe-11e9-8a34-2a2ae2dbcce4,12102,"Sodium chloride, 0.45% Intravenous infusion, 1000mL bottle",CIEL:84047,
af8c162e-dfbe-11e9-8a34-2a2ae2dbcce4,20816,"Sodium chloride, 0.9% intravenous infusion, 1000mL euro head bottle",CIEL:84047,
af8c1764-dfbe-11e9-8a34-2a2ae2dbcce4,20817,"Sodium chloride, 0.9% intravenous infusion, 500mL euro head bottle",CIEL:84047,
af8c1908-dfbe-11e9-8a34-2a2ae2dbcce4,11514,"Dextrose 5% in Sodium chloride 0.2%, Intravenous infusion, 500mL flex bag",CIEL:162857,
af8c1a7a-dfbe-11e9-8a34-2a2ae2dbcce4,11886,"Dextrose 5% in Sodium chloride 0.9%, Intravenous infusion, 500mL bag",CIEL:162857,
af8c1bba-dfbe-11e9-8a34-2a2ae2dbcce4,13732,"Dextrose 5% in Sodium chloride 0.225%, Intravenous infusion, 1000mL flex bag",CIEL:162857,
af8c1f48-dfbe-11e9-8a34-2a2ae2dbcce4,20818,"Dextrose, 5% intravenous infusion, 500ml euro head bottle",CIEL:161250,
af8c20ba-dfbe-11e9-8a34-2a2ae2dbcce4,11574,"Infant Formula, 0-6 months, Powder, 400 gram tin",CIEL:5254,
af8c21f0-dfbe-11e9-8a34-2a2ae2dbcce4,12591,"Milk powder, Energy density 100kcal/100mL, 114 gram sachet",PIH:12550,
af8c2326-dfbe-11e9-8a34-2a2ae2dbcce4,12605,"Milk powder, Energy density 75 kcal/100mL, 102.5 gram sachet",PIH:12550,
af8c2452-dfbe-11e9-8a34-2a2ae2dbcce4,11411,"Oral Rehydration Salts for Malnutrition (ReSoMal), 84 grams (for 2 liter) sachet",CIEL:351,
af8c2588-dfbe-11e9-8a34-2a2ae2dbcce4,19226,"Vitamin B complex, Solution for injection, 10mL ampoule",CIEL:86341,
af8c26be-dfbe-11e9-8a34-2a2ae2dbcce4,11151,"Propranolol, Solution for injection, 1mg/mL, 1mL ampoule",CIEL:82732,
af8c2c0e-dfbe-11e9-8a34-2a2ae2dbcce4,14163,"Esmolol, Solution for injection, 2.5mg/mL, 2mL ampoule",CIEL:75872,
af8c2d94-dfbe-11e9-8a34-2a2ae2dbcce4,14166,"Verapamil hydrochloride, Solution for injection, 2.5mg/mL, 2mL ampoule",CIEL:86177,
af8c2eca-dfbe-11e9-8a34-2a2ae2dbcce4,10663,"Cardioplegic solution, for cardiac perfusion, 1000mL bag",CIEL:165573,
af8c300a-dfbe-11e9-8a34-2a2ae2dbcce4,10338,"Sodium nitroprusside, Powder for solution for infusion, 50mg vial with solvent",CIEL:84081,
af8c3140-dfbe-11e9-8a34-2a2ae2dbcce4,12448,"Isosorbide dinitrate, 5mg sublingual tablet",CIEL:78305,
af8c3276-dfbe-11e9-8a34-2a2ae2dbcce4,11817,"Prednisolone, Oral solution, 3mg/mL, 237mL (8oz) bottle",CIEL:82446,
af8c33ac-dfbe-11e9-8a34-2a2ae2dbcce4,11563,"Dorzolamide hydrochloride, Eye drop, 2%, 5mL bottle",CIEL:75191,
c6a90bb2-fce4-11e9-8f0b-362b9e155667,10043,"Omeprazole sodium, Powder for solution for infusion, 40mg vial with solvent",PIH:1244,
af8c387a-dfbe-11e9-8a34-2a2ae2dbcce4,14148,"Methotrexate, Solution for injection, 100mg/mL, 10mL vial",CIEL:79700,
af8c39b0-dfbe-11e9-8a34-2a2ae2dbcce4,10335,"Ampicillin, Powder for solution for injection, 500mg vial",CIEL:71188,
af8c3adc-dfbe-11e9-8a34-2a2ae2dbcce4,10413,"Linezolid, 600mg tablet",CIEL:78879,
af8c3c12-dfbe-11e9-8a34-2a2ae2dbcce4,11110,"Fluconazole, 50mg capsule",CIEL:76488,
af8c3d3e-dfbe-11e9-8a34-2a2ae2dbcce4,11314,"Levofloxacin, 250mg tablet",CIEL:78788,
af8c4162-dfbe-11e9-8a34-2a2ae2dbcce4,11919,"Aciclovir, Powder for solution for infusion, 250mg vial",CIEL:70245,
c6a8ddea-fce4-11e9-8f0b-362b9e155667,11924,"Benzylpenicillin procaine, Powder for solution for injection, 4 MIU vial",CIEL:159587,
af8c4432-dfbe-11e9-8a34-2a2ae2dbcce4,12119,"Clofazimine, 100mg tablet",CIEL:73581,
af8c455e-dfbe-11e9-8a34-2a2ae2dbcce4,10723,"Ipratropium bromide, Solution for nebulisation, 200 microgram/mL, 2.5mL ampoule",CIEL:78200,
af8c4694-dfbe-11e9-8a34-2a2ae2dbcce4,12046,"Ketoconazole, Scalp and hair shampoo, 20mg/mL (2%), 120mL bottle",CIEL:78476,
af8c47ca-dfbe-11e9-8a34-2a2ae2dbcce4,10087,"Vaccine, Pneumococcal polysaccharide, PPSV23, 0.5mL monodose pre-filled syringe (Adult)",CIEL:82213,
af8c48f6-dfbe-11e9-8a34-2a2ae2dbcce4,10172,"Immunoglobulin (Human), Anti-D, 300 microgram (1,500 IU)/2mL prefilled syringe",CIEL:83322,
af8c4d2e-dfbe-11e9-8a34-2a2ae2dbcce4,10766,"Vaccine, Pneumococcal conjugate, PCV13, 0.5mL monodose pre-filed syringe (Child)",CIEL:165575,
af8c4eaa-dfbe-11e9-8a34-2a2ae2dbcce4,11069,"Tuberculin purified protean derivative (PPD), 5 Tuberculin Units (TU)/0.1mL, 1mL vial of 10 doses",CIEL:82886,
af8c4fea-dfbe-11e9-8a34-2a2ae2dbcce4,11116,"Vaccine, Haemophilus Influenzae Type B (Hib) conjugate, monodose vial with solvent",CIEL:5261,